-- --------------------------------------------------------
-- Host:                         127.0.0.1
-- Versión del servidor:         10.1.37-MariaDB - mariadb.org binary distribution
-- SO del servidor:              Win32
-- HeidiSQL Versión:             9.4.0.5125
-- --------------------------------------------------------

/*!40101 SET @OLD_CHARACTER_SET_CLIENT=@@CHARACTER_SET_CLIENT */;
/*!40101 SET NAMES utf8 */;
/*!50503 SET NAMES utf8mb4 */;
/*!40014 SET @OLD_FOREIGN_KEY_CHECKS=@@FOREIGN_KEY_CHECKS, FOREIGN_KEY_CHECKS=0 */;
/*!40101 SET @OLD_SQL_MODE=@@SQL_MODE, SQL_MODE='NO_AUTO_VALUE_ON_ZERO' */;


-- Volcando estructura de base de datos para repositorio
CREATE DATABASE IF NOT EXISTS `repositorio` /*!40100 DEFAULT CHARACTER SET utf8mb4 COLLATE utf8mb4_spanish_ci */;
USE `repositorio`;

-- Volcando estructura para tabla repositorio.autor
CREATE TABLE IF NOT EXISTS `autor` (
  `id_autor` int(11) NOT NULL AUTO_INCREMENT,
  `nombre_autor` text NOT NULL,
  PRIMARY KEY (`id_autor`)
) ENGINE=InnoDB AUTO_INCREMENT=43 DEFAULT CHARSET=latin1;

-- Volcando datos para la tabla repositorio.autor: ~7 rows (aproximadamente)
/*!40000 ALTER TABLE `autor` DISABLE KEYS */;
REPLACE INTO `autor` (`id_autor`, `nombre_autor`) VALUES
	(35, 'Jose Eduardo Tamay Canché'),
	(36, 'Willian Pech Ake'),
	(38, 'Willian, Obrien, Maria, Antonia'),
	(39, 'Eduardo,Josue,Gabriel,Gerrardo,Victor,Efraín, Amalia'),
	(40, 'Eduardo,Josue,Gabriel,Gerrardo,Victor,Efraín, Amalia Y.'),
	(41, 'Maria Mildred Dzidz Pech'),
	(42, 'Jose Eduardo Tamay Canché, Anónimo');
/*!40000 ALTER TABLE `autor` ENABLE KEYS */;

-- Volcando estructura para tabla repositorio.comentario
CREATE TABLE IF NOT EXISTS `comentario` (
  `id_comentario` int(11) NOT NULL AUTO_INCREMENT,
  `comentario` text COLLATE utf8_spanish2_ci,
  `fecha_comen` date DEFAULT NULL,
  `id_usuario` int(11) DEFAULT NULL,
  `id_producto` int(11) DEFAULT NULL,
  `tipo_comentario` varchar(11) COLLATE utf8_spanish2_ci DEFAULT NULL,
  PRIMARY KEY (`id_comentario`),
  KEY `FK_comentario_producto` (`id_producto`),
  KEY `FK_comentario_comentario` (`id_usuario`),
  CONSTRAINT `FK_comentario_comentario` FOREIGN KEY (`id_usuario`) REFERENCES `usuario` (`id_usuario`),
  CONSTRAINT `FK_comentario_producto` FOREIGN KEY (`id_producto`) REFERENCES `producto` (`id_producto`)
) ENGINE=InnoDB DEFAULT CHARSET=utf8 COLLATE=utf8_spanish2_ci;

-- Volcando datos para la tabla repositorio.comentario: ~0 rows (aproximadamente)
/*!40000 ALTER TABLE `comentario` DISABLE KEYS */;
/*!40000 ALTER TABLE `comentario` ENABLE KEYS */;

-- Volcando estructura para tabla repositorio.comunidad
CREATE TABLE IF NOT EXISTS `comunidad` (
  `id_comunidad` int(11) NOT NULL AUTO_INCREMENT,
  `comunidad` varchar(30) NOT NULL,
  `municipio_id_municipio` int(11) NOT NULL,
  PRIMARY KEY (`id_comunidad`)
) ENGINE=InnoDB AUTO_INCREMENT=55 DEFAULT CHARSET=latin1;

-- Volcando datos para la tabla repositorio.comunidad: ~48 rows (aproximadamente)
/*!40000 ALTER TABLE `comunidad` DISABLE KEYS */;
REPLACE INTO `comunidad` (`id_comunidad`, `comunidad`, `municipio_id_municipio`) VALUES
	(7, 'José Maria Morelos', 0),
	(8, 'Rancho Viejo', 0),
	(9, 'Aguada la Presumida', 0),
	(10, 'Dos Aguadas', 0),
	(11, 'Adolfo Huerta', 0),
	(12, 'Los Tres Hermanos', 0),
	(13, 'Benito Juárez', 0),
	(14, 'Bulukax', 0),
	(15, 'Candelaria', 0),
	(16, 'El Naranjal', 0),
	(17, 'Othon P. Blanco', 0),
	(18, 'Javier Rojo Gómez', 0),
	(19, 'Sabán', 0),
	(20, 'San Diego', 0),
	(21, 'Dos Aguadas', 0),
	(22, 'Dziuché', 0),
	(23, 'La Esperanza', 0),
	(24, 'Gavilanes ', 0),
	(25, 'X-Querol', 0),
	(26, 'Kantemó', 0),
	(27, 'La presumida', 0),
	(28, 'Sacalaca', 0),
	(29, 'Santo Domingo', 0),
	(30, 'X-Cabil', 0),
	(31, 'Kancabchen', 0),
	(32, 'Felipe Carrillo Puerto', 0),
	(33, 'Canzepchén', 0),
	(34, 'San Felipe Berriozabal', 0),
	(35, 'Betania', 0),
	(36, 'Noh-Bec', 0),
	(37, 'Petcacab', 0),
	(38, 'Polyuc', 0),
	(39, 'Chumpón', 0),
	(40, 'Chun-Yah', 0),
	(41, 'ChunHuas', 0),
	(42, 'Chunhuhub', 0),
	(43, 'Hazil', 0),
	(44, 'Señor', 0),
	(45, 'Pino Suárez', 0),
	(46, 'Tihosuco', 0),
	(47, 'Tusik', 0),
	(48, 'Trapich', 0),
	(49, 'X-Yatil', 0),
	(50, 'X-Pichil', 0),
	(51, 'X-Yaxley', 0),
	(52, 'Los Lagartos', 0),
	(53, 'Lázaro Cárdenas', 0),
	(54, 'Cecilio Chi', 0);
/*!40000 ALTER TABLE `comunidad` ENABLE KEYS */;

-- Volcando estructura para tabla repositorio.genero
CREATE TABLE IF NOT EXISTS `genero` (
  `id_genero` int(11) NOT NULL AUTO_INCREMENT,
  `genero` varchar(30) NOT NULL,
  PRIMARY KEY (`id_genero`)
) ENGINE=InnoDB AUTO_INCREMENT=21 DEFAULT CHARSET=latin1;

-- Volcando datos para la tabla repositorio.genero: ~20 rows (aproximadamente)
/*!40000 ALTER TABLE `genero` DISABLE KEYS */;
REPLACE INTO `genero` (`id_genero`, `genero`) VALUES
	(1, 'Drama'),
	(2, 'Ciencia_ficción'),
	(3, 'Novela'),
	(4, 'Comedia'),
	(5, 'Artículos'),
	(6, 'Cuento'),
	(7, 'Tragedia'),
	(8, 'Ensayo'),
	(9, 'Poesía'),
	(10, 'Fantasía'),
	(11, 'Leyenda'),
	(12, 'Terror'),
	(13, 'Aventura'),
	(14, 'Acción'),
	(15, 'Romance'),
	(16, 'Educativo'),
	(17, 'Tragedia'),
	(18, 'Mitos'),
	(19, 'Poema'),
	(20, 'Fábula');
/*!40000 ALTER TABLE `genero` ENABLE KEYS */;

-- Volcando estructura para tabla repositorio.idioma
CREATE TABLE IF NOT EXISTS `idioma` (
  `id_idioma` int(11) NOT NULL AUTO_INCREMENT,
  `idioma` varchar(30) NOT NULL,
  PRIMARY KEY (`id_idioma`)
) ENGINE=InnoDB AUTO_INCREMENT=3 DEFAULT CHARSET=latin1;

-- Volcando datos para la tabla repositorio.idioma: ~2 rows (aproximadamente)
/*!40000 ALTER TABLE `idioma` DISABLE KEYS */;
REPLACE INTO `idioma` (`id_idioma`, `idioma`) VALUES
	(1, 'Español'),
	(2, 'Maya');
/*!40000 ALTER TABLE `idioma` ENABLE KEYS */;

-- Volcando estructura para tabla repositorio.likes
CREATE TABLE IF NOT EXISTS `likes` (
  `id_like` int(11) NOT NULL AUTO_INCREMENT,
  `id_user` int(11) DEFAULT NULL,
  `id_prod` int(11) DEFAULT NULL,
  `like_dislike` tinyint(1) DEFAULT NULL,
  PRIMARY KEY (`id_like`)
) ENGINE=InnoDB AUTO_INCREMENT=4 DEFAULT CHARSET=utf8 COLLATE=utf8_spanish2_ci;

-- Volcando datos para la tabla repositorio.likes: ~2 rows (aproximadamente)
/*!40000 ALTER TABLE `likes` DISABLE KEYS */;
REPLACE INTO `likes` (`id_like`, `id_user`, `id_prod`, `like_dislike`) VALUES
	(1, 51, 101, 1),
	(2, 51, 102, 1),
	(3, 51, 103, 1);
/*!40000 ALTER TABLE `likes` ENABLE KEYS */;

-- Volcando estructura para tabla repositorio.municipio
CREATE TABLE IF NOT EXISTS `municipio` (
  `id_municipio` int(11) NOT NULL AUTO_INCREMENT,
  `municipio` varchar(30) NOT NULL,
  PRIMARY KEY (`id_municipio`)
) ENGINE=InnoDB DEFAULT CHARSET=latin1;

-- Volcando datos para la tabla repositorio.municipio: ~0 rows (aproximadamente)
/*!40000 ALTER TABLE `municipio` DISABLE KEYS */;
/*!40000 ALTER TABLE `municipio` ENABLE KEYS */;

-- Volcando estructura para tabla repositorio.ocupacion
CREATE TABLE IF NOT EXISTS `ocupacion` (
  `id_ocupacion` int(11) NOT NULL AUTO_INCREMENT,
  `ocupacion` varchar(30) NOT NULL,
  PRIMARY KEY (`id_ocupacion`)
) ENGINE=InnoDB AUTO_INCREMENT=40 DEFAULT CHARSET=latin1;

-- Volcando datos para la tabla repositorio.ocupacion: ~29 rows (aproximadamente)
/*!40000 ALTER TABLE `ocupacion` DISABLE KEYS */;
REPLACE INTO `ocupacion` (`id_ocupacion`, `ocupacion`) VALUES
	(11, 'Estudiante'),
	(12, 'Profesor Investigador'),
	(13, 'Arquitecto'),
	(14, 'Diseñador'),
	(15, 'Ingeniero'),
	(16, 'Historiador'),
	(17, 'Filósofo'),
	(18, 'Investigador'),
	(19, 'Científico'),
	(20, 'Maestro'),
	(21, 'Traductor'),
	(22, 'Ama de casa'),
	(23, 'Escritor'),
	(24, 'Guardia de seguridad'),
	(25, 'Chef'),
	(26, 'Artista'),
	(27, 'Cantante'),
	(28, 'Poeta'),
	(29, 'Músico'),
	(30, 'Fotógrafo'),
	(31, 'Editor'),
	(32, 'Programador web'),
	(33, 'Compositor'),
	(34, 'Camarógrafo'),
	(35, 'Futbolista'),
	(36, 'Agricultor'),
	(37, 'Empresario'),
	(38, 'Secretaria'),
	(39, 'Gerente');
/*!40000 ALTER TABLE `ocupacion` ENABLE KEYS */;

-- Volcando estructura para tabla repositorio.producto
CREATE TABLE IF NOT EXISTS `producto` (
  `id_producto` int(11) NOT NULL AUTO_INCREMENT,
  `titulo_producto` varchar(50) NOT NULL DEFAULT '0',
  `descripcion_producto` longtext,
  `fechacreacio_producto` datetime DEFAULT '0000-00-00 00:00:00',
  `fechapublicacion_producto` datetime NOT NULL DEFAULT CURRENT_TIMESTAMP,
  `genero_producto` int(11) NOT NULL,
  `tipo_subida` varchar(11) DEFAULT NULL,
  `estado` tinyint(1) NOT NULL DEFAULT '0',
  `usuario_id_usuario` int(11) NOT NULL,
  `comunidad_producto` int(11) NOT NULL,
  `idioma_id_idioma` int(11) NOT NULL,
  `tipo_producto` int(11) NOT NULL,
  `autor_producto` int(11) NOT NULL,
  `link` varchar(100) NOT NULL,
  `suma_like` int(250) DEFAULT '0',
  `suma_dislike` int(250) DEFAULT '0',
  PRIMARY KEY (`id_producto`),
  KEY `FK_producto_genero` (`genero_producto`),
  KEY `FK_producto_usuario` (`usuario_id_usuario`),
  KEY `FK_producto_idioma` (`idioma_id_idioma`),
  KEY `FK_producto_tipo` (`tipo_producto`),
  KEY `FK_producto_autor` (`autor_producto`),
  KEY `FK_producto_ocupacion` (`comunidad_producto`),
  CONSTRAINT `FK_producto_autor` FOREIGN KEY (`autor_producto`) REFERENCES `autor` (`id_autor`),
  CONSTRAINT `FK_producto_genero` FOREIGN KEY (`genero_producto`) REFERENCES `genero` (`id_genero`),
  CONSTRAINT `FK_producto_idioma` FOREIGN KEY (`idioma_id_idioma`) REFERENCES `idioma` (`id_idioma`),
  CONSTRAINT `FK_producto_ocupacion` FOREIGN KEY (`comunidad_producto`) REFERENCES `comunidad` (`id_comunidad`),
  CONSTRAINT `FK_producto_tipo` FOREIGN KEY (`tipo_producto`) REFERENCES `tipo` (`id_tipo`),
  CONSTRAINT `FK_producto_usuario` FOREIGN KEY (`usuario_id_usuario`) REFERENCES `usuario` (`id_usuario`)
) ENGINE=InnoDB AUTO_INCREMENT=105 DEFAULT CHARSET=latin1;

-- Volcando datos para la tabla repositorio.producto: ~9 rows (aproximadamente)
/*!40000 ALTER TABLE `producto` DISABLE KEYS */;
REPLACE INTO `producto` (`id_producto`, `titulo_producto`, `descripcion_producto`, `fechacreacio_producto`, `fechapublicacion_producto`, `genero_producto`, `tipo_subida`, `estado`, `usuario_id_usuario`, `comunidad_producto`, `idioma_id_idioma`, `tipo_producto`, `autor_producto`, `link`, `suma_like`, `suma_dislike`) VALUES
	(95, 'Tihosuco', 'Vídeo en Maya', '2018-05-01 00:00:00', '2019-01-28 16:20:03', 16, 'youtube', 1, 50, 7, 1, 2, 38, 'https://www.youtube.com/embed/VrIMw_9NANs', 0, 0),
	(96, 'Papats\'uul', 'En este video se explican los pasos para poder preparar una rica comida típica de la region.', '2017-04-23 00:00:00', '2019-01-28 00:00:00', 16, 'youtube', 1, 51, 7, 2, 2, 39, 'https://www.youtube.com/embed/02fJWJI__mM', 0, 0),
	(97, 'Empanadas de chaya', 'Se explica los pasos enlengua maya para poder hacer una empanadas de chaya', '2017-04-23 00:00:00', '2019-01-28 17:24:30', 16, 'youtube', 1, 51, 7, 2, 2, 40, 'https://www.youtube.com/embed/-qbeny85G5M', 0, 0),
	(98, 'Chaya en caldo', 'Se explican los pasos para poder cocinar chaya en caldo, además de los otros condimentos que lleva.', '2017-04-25 00:00:00', '2019-01-28 17:29:20', 16, 'youtube', 1, 51, 7, 2, 2, 40, 'https://www.youtube.com/embed/ko6G72qsgao', 0, 0),
	(100, 'X-nuk koj yéetel  X-nuk ch’oom', 'Jump’éel popol t’aan tu’ux ku yaantal juntúul koj yéetel ch’oom', '2017-05-11 00:00:00', '2019-01-28 18:04:41', 6, 'local', 1, 50, 7, 2, 4, 36, '../archivos/literatura/X-nukkojyéetelX-nukchoom100.pdf', 0, 0),
	(101, 'Juntúul J-ts’oonnáal', 'Trata acerca de un campesino que caza en la zona donde vive', '2017-04-13 00:00:00', '2019-01-28 00:00:00', 6, 'local', 1, 50, 46, 2, 1, 41, '../archivos/audios/UTúulJ-tsoonnáal101.wav', 1, 0),
	(102, 'Juntúul máak u yoojel ts\'oon', 'El cuento trata acerca de una persona que caza a animales y un día se encuentra con el dueño del monte...', '2017-04-23 00:00:00', '2019-01-28 00:00:00', 6, 'local', 1, 51, 33, 2, 1, 35, '../archivos/audios/Juntúulmáakuyoojeltsoon102.mp3', 1, 0),
	(103, 'Juntúul máak u yoojel ts\'oon', 'Este cuento trata acerca de una persona que sabe cazar y más adelante se encuentra con del dueño del monte', '2017-04-24 00:00:00', '2019-01-28 18:50:50', 6, 'local', 1, 51, 33, 2, 4, 35, '../archivos/literatura/Juntúulmáakuyoojeltsoon103.pdf', 1, 0),
	(104, 'Las siete cabezas', 'Es un cuento donde se narra a una persona que mató a una mosta, esa acción al final no sólo fue una mosca sino que varias...', '2017-04-26 00:00:00', '2019-01-28 19:02:39', 6, 'local', 1, 51, 7, 2, 1, 42, '../archivos/audios/Lassietecabezas104.mp3', 0, 0);
/*!40000 ALTER TABLE `producto` ENABLE KEYS */;

-- Volcando estructura para tabla repositorio.tipo
CREATE TABLE IF NOT EXISTS `tipo` (
  `id_tipo` int(11) NOT NULL AUTO_INCREMENT,
  `tipo` varchar(30) NOT NULL,
  PRIMARY KEY (`id_tipo`)
) ENGINE=InnoDB AUTO_INCREMENT=5 DEFAULT CHARSET=latin1;

-- Volcando datos para la tabla repositorio.tipo: ~4 rows (aproximadamente)
/*!40000 ALTER TABLE `tipo` DISABLE KEYS */;
REPLACE INTO `tipo` (`id_tipo`, `tipo`) VALUES
	(1, 'audio'),
	(2, 'video'),
	(3, 'investigacion'),
	(4, 'libro');
/*!40000 ALTER TABLE `tipo` ENABLE KEYS */;

-- Volcando estructura para tabla repositorio.usuario
CREATE TABLE IF NOT EXISTS `usuario` (
  `id_usuario` int(11) NOT NULL AUTO_INCREMENT,
  `nombre_usuario` varchar(30) NOT NULL,
  `perfil` varchar(30) DEFAULT NULL,
  `password_usuario` varchar(300) NOT NULL,
  `correo_usuario` varchar(30) NOT NULL,
  `paterno_usuario` varchar(30) DEFAULT NULL,
  `materno_usuario` varchar(30) DEFAULT NULL,
  `imagen_usuario` mediumblob,
  `ocupacion_id_ocupacion` int(11) NOT NULL,
  `admin` tinyint(1) NOT NULL DEFAULT '0',
  `disponible` tinyint(1) NOT NULL DEFAULT '0',
  `usuario` varchar(30) NOT NULL DEFAULT '0',
  `fecha_nacimiento` date NOT NULL,
  PRIMARY KEY (`id_usuario`),
  KEY `FK_usuario_ocupacion` (`ocupacion_id_ocupacion`),
  CONSTRAINT `FK_usuario_ocupacion` FOREIGN KEY (`ocupacion_id_ocupacion`) REFERENCES `ocupacion` (`id_ocupacion`)
) ENGINE=InnoDB AUTO_INCREMENT=52 DEFAULT CHARSET=latin1;

-- Volcando datos para la tabla repositorio.usuario: ~2 rows (aproximadamente)
/*!40000 ALTER TABLE `usuario` DISABLE KEYS */;
REPLACE INTO `usuario` (`id_usuario`, `nombre_usuario`, `perfil`, `password_usuario`, `correo_usuario`, `paterno_usuario`, `materno_usuario`, `imagen_usuario`, `ocupacion_id_ocupacion`, `admin`, `disponible`, `usuario`, `fecha_nacimiento`) VALUES
	(50, 'WILLIAN', 'Usuario', '$2y$10$51LXWX1pZKL1VLdSEyBSMuhmBUllYO4d2uAECXx2PnJ5mnHqskvxC', 'willian.pech@uimqroo.edu.mx', 'Pech', 'Ake', _binary 0xFFD8FFE000104A46494600010200000100010000FFED008450686F746F73686F7020332E30003842494D04040000000000671C0228006246424D443031303030616136303330303030353530383030303035353065303030303361306630303030356131303030303066653137303030303732323030303030376232323030303062613233303030306639323430303030643432663030303000FFE2021C4943435F50524F46494C450001010000020C6C636D73021000006D6E74725247422058595A2007DC00010019000300290039616373704150504C0000000000000000000000000000000000000000000000000000F6D6000100000000D32D6C636D7300000000000000000000000000000000000000000000000000000000000000000000000000000000000000000000000A64657363000000FC0000005E637072740000015C0000000B777470740000016800000014626B70740000017C000000147258595A00000190000000146758595A000001A4000000146258595A000001B80000001472545243000001CC0000004067545243000001CC0000004062545243000001CC0000004064657363000000000000000363320000000000000000000000000000000000000000000000000000000000000000000000000000000000000000000000000000000000000000000000000000000000000000000000000000000000000000000074657874000000004642000058595A20000000000000F6D6000100000000D32D58595A20000000000000031600000333000002A458595A200000000000006FA2000038F50000039058595A2000000000000062990000B785000018DA58595A2000000000000024A000000F840000B6CF63757276000000000000001A000000CB01C903630592086B0BF6103F15511B3421F1299032183B92460551775DED6B707A0589B19A7CAC69BF7DD3C3E930FFFFFFDB004300090607080706090808080A0A090B0E170F0E0D0D0E1C14151117221E2323211E2020252A352D2527322820202E3F2F3237393C3C3C242D4246413A46353B3C39FFDB0043010A0A0A0E0C0E1B0F0F1B392620263939393939393939393939393939393939393939393939393939393939393939393939393939393939393939393939393939FFC2001108018E018E03002200011101021101FFC4001B00010002030101000000000000000000000005060203040701FFC4001801010101010100000000000000000000000002010304FFC4001801010101010100000000000000000000000002010304FFDA000C03000001110211000001BC0000000000000000000000000000000000000000000000000000000000000000000000000000000000000000000000000000000000000000000000000000000000000000000000000000000000000000000000000000000000000000000000000000000000000000000000000000000000000000000000000000000000000000000000000000000000000000000000000000000000000000000000000000001A0DEE3DE6D000000000000000000000000000000008E3A69B5DC337A3536657CD7DDB0E1EEFBACB0D9BCBB56CFAEA9373DCCC0000000000000000000000000E5FBE6049C036CDE5F366DCAE66FF00A6AD9B32D6AC3AF59A1F7E635F46BF9B9E9BDBE47E9FBCFB4680000000000000000000007014887D5DB37A79FAB1CDD5F7BB8B772FBA18DDF3EEF39BB33E5D75E1C1ACEFC3976E366CD786E7ACECA2DEAB980000000000000000000029774F313873611D564ADFA046EC82B1FCE3D29DA2F0BCA32F2650B5FA08F36E6F52C35E67BAC74FE912D847F6D39BD5BCBED5B1721B2000000000000000000063E41EA3E4D9BDCE4DF9D256EFCFBFCDD3EFCC36457D69F8DDEC3300015CB17DA9F2ECE5A3FD3C9231FD7B3E9C2A000000000000000000056CD7E7969819AD5E8B45998BB155A4BB79DD4BE7A0F16A2ACB47B6CEEFC77B9DE96E1AF3FA00A5C475E8F5704A44D96A2EC2A4000000000000000001E7DE83E79353745B853F9F7EEB6C35A322BF09210371D7DDC9BEB2C331E6D39CBA5B5A637974E6F9059F6E76EEEA0F4455DD867CAFCC37EAC3D9C72F40F3BF5DD8DE364000000000000000003E79EFA1F9EC54B536E50FCBBEEB5D12611D7D1D1CBA97EB82E5B8A86BEABB9E7BBA5B92B21FA37FC33D769E4C6BB341D6B9DEC8EDBC9D6667D4E8F78A80000000000000000000144BDC662178A1A7B8F6B144CB7DE3D2A1A6E8B9A5F2DF9B9152A73E95FE6EA84EDCAD92B07B2A6C54BEF90CDD948B9F9A4EE36FAC5F2B626ED45BD75E01A00000000000000000002A915294D8AF4B46C9797D3F466F3ECD3C9A95639639F0756E55796E8B8A9F64C716E56E36F554E9337B3B2BBCFAD92C5867E9F280000000000000000000054A91E85E799BD97DF3792E7D6F91951C636DDD14CE4D5D33A74B6558FBE324F957D19BF0E5DC85F9599AEFC77D8319FE90152000000000000000000001ABC8FD86B8501AB6CDECBBD12EBCEF4E89EE7E7D2AF85DB82A69364D55FB9F4CD34F8C8AB3D67465D79DAADBB36DF300000000000000000000000002974DF66A366D532496547FCF86D8A628BF79D484777F05C98E1B995EA36FBB21B8000000000000000000000008E2454C8AC7A0D769F279B86564AB73EB138EDB6D4D6AE39F273E9AA9974D1535CECD98F4E57E90F30CD9E98A24F527586600000000000000000000E5EAF879C6ABE47C6C36ECF0E5B1E7DADB88F3FA7E73757C64771F46AE931BB233D17BF1D345F43F3B4EE908F90E7B8C7C96242DAF46DE9967178000000000000000000001F393B18AEF05C59B1D84A63CFA47FC90C676B7C56FE6BC84FB68D3D3956A26FF00B314996B01B15D9D2DC0D00000000001FFC4002F100002020201020405030501010000000002030104000511121310142140062022315023303215243334352590FFDA0008010000010502FF00EB5939419E6ABE0B00FF001AD68242D6F2670CAE59C8A459E4A7269CC60C5B4E06DAEAB11BC49629AB70FE1EEDB0A8A7B9D759122BCEB64E0F5647119D719C04E175464828F061D5CA96EF04A0C7F0761EBAEBB5B9736649AF398CF41CE4B3F533A5B39D0DCE92F90820B2A5C7512AB657697F817B810AB360EF3A78E17F689E73AE7266673A6673B79FA719DEC964CFC93EB8873293AA590B49FC06EED77EC08732D8E24278360CACA0F3AE33AA33AA33AE33AA67014739FA439D6393D3E13EB94AC951B0062C0F7D79DE5EAA630388929C45797B99075E49639DB2CE82C84E429319DC81C26739279F54E76E7200E3C0C7AA3436FA4BDF7C46DE006381C88EB2D38738C583059AA5CE16B6CC6791B79E46DE7F4FBB93ABB793AEB51855AC0E7548E41CE09E7225843D38732B3AAE8B15FDEEDD9DDD9E4F385FC6B2A128FD920138BDAC128E2720E6304F9838E47E1D772AF79F6C82EEBE678C9988CD5ABBF67C39FDAD951EEC07139D1C4E688BA363EF2F9F6E92E66232BA0ED3509142E662321813E1D39D53191313FB1B648A6C7869FF00EAFBCDEBC22A0E08CB0EA571ACAB2C35832A5D6CB2B3D78AB2E5656DA733F7C9019CE99CFAF392CE7E4DBCF5DB0FB66823AAFF00BBDCDD9ACA46B0261E9855A4F52583B2B1183B4C5EC6B1E0909C3E9A5F9628395950642B7EC5A2EBBD93E91F0D87A7BB2FEEF796FEB1EA93B0954BDC3AFAA316AB504E4F627200C253B178E2362964F8B7682061B60C55B437E412EA6E367E8D1AFA35FEEF4DF5D967EA32DC76ED69C797B64A148AB0FA2732394A97993B9AEB681E0E0285D84C0B5670DD8D71991AB91580F194AC0654BCC4489410E581EDDB12F56FD4490ED2BDDE870638218EF1698A3B9913E41E5AC4372B555D612E2624B3AC73809C1123CEE964481E0A9A18C69B3285E14A96C06C6CFF00E8E6A57DED8FBCD77E86CDD3D23A40131721D48D1B31985B54E88AA4A9EBBF8E594AEBA7CD591AE911D9D50466B6BC5AB4F06A995504E63748312832973B5839C4AD8EEA9282CF8715EF774135EE5C8EBADA18FD1C76BABB319AA6C671B14679EB8384CB164B5F57CB2B3745FDAD1549D702AD7A515928F0BA716EFE6C6626F3A710943AB7C3CC982F79B0ADE6AAF9A3553D1FFA9FB1793369B5AC1D56F555BB1D870E4D39660002C5870B06B6666A264CD1E91F0FFD767DEFC4223E53467F2B99DA587574F80AF86BEBA9F0ED5946772F56C0DB967F541CB9749F161321321D2BBECEC51D1A3B54BDEFC473FDA57612668BA1957C6C2E581364C27EFE0F390F90D0A664EBAA4E055AD5B2AF36AF2C3A89DFFA3B288818F7BF11FF00A83F6AEE251A5E0EC321082D8D61C8D9579CEFD678C2AC2F3CA9960A0BAFE5DCD8E84EBEB9826F5DF4D552F289F7DBD5F5EBC3F8C653B3359B61E6F35A18CC3AAF0F05B58BC56CDC395EF25FF2D978D75F761D6DF75B74B5DAE0A91EFD830C06A8AB3FC02393B3413627FA71061F9A5630E9CE455166189016B6ECCCE130449DB2016DAB06E2D3EBD4DAC942931F81DBD1F32A09F1A5781A0D22080B60590C02C76BEBB72E5584538E625FB06B498C269E25456AC2C2161F83DC6BBAB00B9CE7D3399C8F4CA578004B635A22E5A2B25E273C668E9F655F85DB6B38CA81DDB1B2AA355BE2B12732ED22A63E1279ACD5494FE158D5AA1FB4EACD384B6D6ECF9B1933C656A8EB52A4A28256BF3873FCD14DF655AC6C232BDCAF63F06FBB5EBE3B7C3876F65631B54C72D9F693451E5EBEC83A6F2EAB1E75756A5658B6B462EB1BCED33CC1E94794257613735D1D256D306F02D856C56F18189DB546E0CC147BCB0F0AEA75FB77897407014B5F85AFE611DCDAF8D8161AD484D402B0DB59722129D78DA755AB5575428FA958FF002E108941D249642ACD49D66CE2D7BCFBE1D454E1D238C21919C77FB55FFEBFC934A18D65A992B9C2B1000B4B4E14BD6FF86DFDBC39F51434B03523E67DF9D6516335BCB828D80D8F139CC4F8D90B0F63EC0548ABAFECAEA3669B776E991D784F97B151EE58D239C1A418B4AD7F869889CE23240673B63389A55D05C7384959C748F3ED7FFFC4002411000202010304030101000000000000000001021112102140033031511320416170FFDA0008010211013F01FF006C48C4A312B88A3F66AF8515D86AF851F238A6606060623B5A4BBF1F3A4557D9ABD25DFA6B723245A663E857F5FD25DE8AB67596C412AB1EE6E88CFD9923232D112F3DE8793ABBD222EB6638FEA3062858D53285B9938F932E027931AB30F4602544B67B987A23D33A8FF08436B7C083A7F6C3D152317675254AB80852A323267C85DEAA7BD9295F0A35FA61E8716781CC94B869EB9B1FF747C3A1AA88936254495BE2AF3F493DC5ABE0A747CA7CA39EB7DAFFC400251100020200050501010101000000000000000102111213214041031030315120326170FFDA0008010111013F01FF00B6DF6B2F697B87BAEA3D0526BD198CCD666B3344D3ECBCEFB4DE27FA8CA989DEA2F3A69E84E2DFA12947831FD26971F95E85E693A4748EA49DD09514992E9FC30B66088E1F3BAF34FF00920E95938DEA853E246344A6A2276ACB1E86152F456C251C31626D7A331F2662F837647F9D0535C92EAA3A4B93A92F9B092B4355F8F4667D2E0464AB420B13D8CE362E9AE4CB4383E077CF648C0EA84AB653BE0C4C533492174C8C52DA7F9D9C17B15569B56C4EE639243937EC4E958DE9627B195F6E3F115A12F4705B22DBD85184C93248C3EF66ACC252F0FF00FFC4003A1000010301040607070403000300000000010002031112212231041032415161132340426271812033505272A1B1143082912492C190D1E1FFDA0008010000063F02FF00CB5E3918DF32BDFC5FEE1607B5DE47E1A5F23835AACE8CCFE4575923C8E66E5B416D05B6175723C7D2E58E8F1E20A92B0B39E615A8DE1C397C22DBF3DC38AB721BB70E0AECD647D4ABDE02F7A55EF07CDAAE759F557D1C16564AB713C8E6158D2853C615A69A83BFE096E47502A41D5B7EEBAC7B9DE66AA9905705B2B72EEAD907D55ED3ECDD8A339B55B8CFFF003E04E91E70845EF3460FB2B851BAEEB95E564AF202CC9570A2BC03ECF4919BB87142467F5C3E03D033619F9567BADCD14382E472D79ACF55C155D4685F32D80B2A6BB59B0E6107B4D5A72EDF24BBC0B91715CAA894C8AB4ADE792E8676D46E3C5612566B72BE4015E4B960680AF7555CB33AB3D7FA57FF001EDF1C237E23AFC2DCD4939DE681597B438735D548E672CD5CE8DCBDD0FF0060BDD0FF0060B65A3D55E01FE4BDD7DC2C50BFFA5BC6AE0562B8F1D4D91A68414C9477876E70DCDC3AAE418D19A6463BA3F6A8E68779AB7A38A3BE5E3AE998D52447BA6A3B73E43DE35D7D211823FCFEEF4D10C6331F36AA83A8B7E6691DB667784EBB0CF52846CC82BCD15CF69F5D584AC415C7F61AF6F7F76B67AFE3B6BA20E16C91756FD4236DEE72B0DCF79E2BAB617BCE4AD3DA49FA82C51B80582421599853C43564AE715B96CFDD6C9F60377358A8753DDC187B606467AC7FD90FD4C8E123F72744D754034AA1231F88710AF6C4EFB2C7A3BBF89AADBB3F52AB482392BDB47710AE16DBC946D76607ECCE79D3515349E43B61AECC67F08DF4B3914F71CCA6C40D2BBD7BBB5CC9589C633E12B0693E92315A657CE17556D3651CEE2ACBAB13BC5EC16B63B406FAAC51B8795EB0C82BC0DDEC3C9DE75B4FCE4BBB64F22B1DD1794F038A91FC1B44E2C1570172974B79B729FB22031B43E141952D34CD5B27A468DFC136D8C2FD95D14C4D8EEBBFE2AB6469F545A0B9FF00405EF9ECFA98B069509F33455B168786F565F5733F08381A83AA56F88EA6B426463BA29DB27F44EE6B499380B5F7528DEE008D4E753FC6976BC255B8DF469E192A3079957E4BA1AD5B139D42B35B20A21B64068A9ADC02CEE5B6CFE4DA2B51B5E07189D554739AE3E2142BA39C387076E558DC1C39293D3F1AA3E0DC5DB6684F301487E55A4070B880156FB236646AEB47F26DE1607B5E1574699D178736ADBD1CF3B2517E99A439CC1DD6E10AC59B2D37BA9B82B222653C93668C596934704E8DCEC03111C551A4B5CDBAE418454BCAB5A34CE8DDCD7E934E6073F712AB038B0F039222F8E46FCA8C8E75A2754B37F11DB62D299BF3F34F998451CC523BC5AAA1B61DC5AAAC91AFF3B9652FA1B4B15B1E712A52490EEBAE58BDE3B3D4D1C5E8BE336668DF84AB334762719B4DC5756CA6A84E8D88C7B4EDDA9F4DC0041A9B0F47786EDD37A9A03BAFEDAE8FBD9B549A24AC21D90E49DF5FECF44336B2BEA8D5B7F798550D0B86EC9C1757A64A3EAC4BAFD2259470AD02B2C6868E49CF764113DE71A942470AB2A8EE01691276E6BAC8B56A954F671BFD9B54AF058E96B96B7C9F32A48C05754FB5C9EAF125071C4162630F93A8BDD3BFD82B268D6FCA37A8D8475AEBCA8E31C4277CCFB9071CE4C5DBA31E3FF89AF6E6A335BF67D8C3B40D42EB22A0E20EB8E9BDF4F631C4C3E617B9FB94646C6052FAE69D33B206AABC13626FBB6AA0C876E8FEB4134D6E0EAD138B0D40557100735B44F9059B87A2B3D234D7D151B470E35A2B52484BB91C9074925BB395DED08466FCFC90162C9379257E9B46C4E3712155DEF5D9F6F27E47076A2AD66D39AB4F3E4382165B9E5BAAAF89DAB03DCD58C078FE952B65FC0FB36DDE838A124E70D6F5D068AC750AB4EC52F1E1F00731D93850A7C4FDDADA0E5540BAD0A0A615D4E952B7CD7F91037496F102F57C5344BFC7999272C8AB2E04142194D7E53A8349BCAA32AE68FBAB4F3E5C974B332D5A372A451B58397C0ADB075ADFBAA1D61AF3664FCAB556D9E7AB682D9B0EE2D42D3CBDD6EE28119842CE168DCAD3CD49D4C89BBD358DC9A283E08748845FDE1EC66AE5666197796DDAF20B834643D9E9DE31BF2F2F8319F471F5354719BC1726D8D87EEF604718A929AEE92D57554AB909B49176E61F835647B5BE6559D11B6BC67209D3BBBBF951B3E51AF08B2CF98A272E2E3BD1D2276F5406069FCA7F440D9DDE49D2478ACEEAA321D1C49439EF6AEAE404F0DFF03EB25683C37AA431177372B8960E5726BA47DA739D456182F75C289ACEF66517CCC7744EDED5D4B1D678956A4EB1DF65676A4DCC084BA5EED98F70474763A91B6F95FC14B761254BA2C076EE3E4A66F02A3030DAADEB04848FED52787FAB97BCB07C572A8351DB4C8FC82B315638F92C6EAAC2D035403C6A26EE6DFEC5989F60F145C4DFBDEECD58D1451BBE52BF490F0B52393238808A3DF26F2ACB37E64E654CEE2E501F16AA3802AEAB7C95B8243E9FFA5D1C9865FCF6DC2DB1F4AC243951C08D500F343CBFE7B25F33CC97E16EE0BA0D11B69FC7BAD5FA7B769EE3595E98D8F640B939EEC9A2A9C7C4A23C241AE9BD5CC29B3B9F422FA0F806CD3C9091B2643229B29682CE4792C967AFA31D5C3BDDBCA1A2E88CACA7822E9B13E4DA434594F54EF74EFF008BF4CCE16DFE485056AA8C8CD6BBEE58880AF712B030027E0F92C9511747180E3BF3D54746D70E6156C8AF66FFC4002B1001000201030205040301010100000000010011213141516171108191A1B140C1D1F02050E130F190FFDA0008010000013F21FF00EB5B14A7024FDF3EF3DBC27FAD28237624D0386DF22176836A3D1A4DC878F53A20F509AFBF4392A54A9E10EA91D5FF0051A98583D54C609EC764C67A597C28079F5A62FC030D0161A835D219E3CB9BC3D880DC72FEDCB12C383E485026B0363FD22EADFABDA3C2EA6AA125F376A115A0F620E25F225BA7AD996D26DBD70FB704ACC2993C0526B267995FC864D1EDC302DF371D570FF455361BEF36B35363F997DB8AE588B1BC0C8806CEC26A830D140BEED2B5D3D304B8518F59F0A516DD2BC40112C852C6ED83862438755AAE3FA1436CB4F5DFE90B895F5B2D1B85571058EAC33CE72E49CA7A4EAF8ACF5A0CABE7E4111E0547FD28968BCD7E00089860F1787CC7E48428368DCFAFFF00564D0F788EA95D6501B82CD77BB33B8CCE114FA30EA196AC93A09D68BFC0052A54535ACE23ECF5997521DAF3805973AE617BC053D23A2E1B7BF73EBED66B7C8C12A8E9E183799FDA53367CAE2259D85CBC7A9B09F2F28C4777B780C59F618884E4FDA5A4BED69A06CE2AA744C1BC2C0C51D0FDE22CF93CCA2B223C268CD11EC4E1DCF5FAECB5758F2CBEF7E1715872C49992A03556702C3D5DDF5FF9551DC0B8CCA7A8D3B3894B579308ED359310DFFC12DCE92EB6879DAFD6A815D08BA99177581F84D518E1BC3BECF1A0D2FF00CAF3815FACC3AB398217BCFD9033F6FADE9DD5DEAA21ADE5B77708696BB01CC2A3E45E603603966050E8220E1258D8E9A93EF5324D147FE18932EBD441B07C3F77ABEB686344E86BA45A1D20CB62820E0E5CC9B6630183AB3B9D2FC904BE71564A0A6E2ECF48003F41E641008D8E8CFC0257F2B331E73947940F70F7FE01FEEA585388D7875C21EA1F59404DCE1CC69CA4169F577890324199465B13F629B538CF5295A9BF8153AC7E564BE7CBB63B6DCC73E93470B671D3FE3D39F6F1F6F076B8268ED51FBFD6732F69FEE301C8E04DE2DBCAAFACCC296F806B290DDCA59A8D34157D3334A35B3BE494043FB4130749B480AD3B697CFF0083936568DC4FBE0FC23A1E703F86E919972A5D710B7E43E3EDF58ADF8BF56E0A968F75D898CB8B15D733A11FA9FF00258B151CB588B159A3C1CFB4BFEE9A853B335B88A331008F939479E615BD054E46B5F39A9D9CC1D52B83E40C4611AB6079C4B8EFB7E26BD1C2282F9A401A6851D7B2508858F4F0ACCA0ABB5E254EF797C8974F383A20CF91F56E8CD7D9F7C54BB87DA61CD51E63ECB0897D8CBBF9F0B86CDA0BEBF663A3F34D7E48D156EA6AC0908A337C4A8A72116355F0CAB159ADF258F88E64A254202E59C827DC297A970AEC277B5CC0B7FF00AA7DE07A8BA174F29D5B72B95C3FAA78525D5B7969EFF5BB0D7E81B3DA571B17D25E814F66EE08D7EC1A7786CFDD326A44764320DFA9105A72D3DA7494E0EA967CC1929695BD1AD661569561D09424E159A2115D3A3284C5CBAE0F98C916AB533013CB7287373A42058F53318D5D8D77E7F794DE58AD7DC9780C52AA4667DA02B87F71322BBCD73A7C8FDBEB4DAD6791F92645D54772B09D653CE07B473862363B4C6BC95B7A93614F44FA37341006916E18879AFCCB0C15B7F6F023867B43468A9D430F46722857A0EE4B5A13ABAB140B7485A2BC3B2EF5F0E55077A9F292D5F507137E7BCDEDF5EFA3F6FADAAAB71C24A84191D72B46697ABE0FF8DC1A51F343A434E25D6E7580DC84FF004434A7C53E53CE49B1E4435C222A62E8ED8D7D774AE24C022BBCA37412FB0A7CB7F5C16E0C53354B0857603CBF8823B3406EBA131FB8D9E2571901D82741E5DCF39963069AC7649B7BC4F7B69F33CF9C1CDEFD37858ECEB5ABAB36121F17A1FBCC2D800797FE4D51B3F3D7DA312A6F46DF5DDE87E5149A046460CBB9FE7F0022015DA593715E6CD75A82011B1F0B96C19C8FF06AD1E4566BA3C83EF31C1ECEE879CA3DFA2104D9884B6DB538DD864A82838FAE393F7867B22095545CABF585D91ABF28A4EB75531077A4D7BB88B6C32B2DBDE1471F1A5D61DD0287925C5ED70A79EAFF002BA322FA3425E553796F4AFA106A0D57C74FAFAABF40FBC763A4F999D2007A47FF000111717A2C29E45EB362FC85FC44A8BFA23309EA44A83FA3C7F14BF904CA967C6F06D39EA0EE9F621DA90CEDE83FA01A2D81D19AC53ABE78606BE05AC80964AD5B5627B6557F88F07EB73113F37327BCC8F54FC6C5437A8E264E0D5F8F03F191EC1BF69582CED37F1DA36CCD06D0E06B15D82761C0ABFE8BB367A789DD0F104E05674EC8C8D03261EF0ABF7324C3D97B3333E939BE0B3AD3B46B54967798C0D1DD69CC68DDD786F94A5E0DD8155103A1FD23F534F7EA4D0BAC064B047462802AB8895691E90FE6E8ADBE72EE2E84FBC16A7EF5F0BC87852EAC7D10E1C7FAFE99DE1750DBA908ED059D3788F7C94B355FC58C9060BA4AAA6089643170331932BE3AF58F7E9FD3560BC911EF7A6A75F9A6DC85BD3287658B7D5FF208E8C3D4C196EE863FD964401CCFD71312CC38FCA699175E47FE20A4054EA4782F43ED0C14EACB5E8FE8DAAF3C3D042BDD057B4D557C7E7ACC028532EBD600D4C170DE0B1ABD5971BA03B1CBBF499D5BE0E83BB2829E17446022D8C97FC94D4EC3DD8F5B4E886D339D1E9ED0E7D0B78E7E8C5E203E6563ACD4DC9853FD69E8C52BAF39BD1956666C7E5A41864D11B3EB59F4E2D630EE057AB07965C189EB99BFAF865D0DF496668FB05FE14C2EE6B746F50B21BAE5E72D57A61A0ED10BE46CE0E7BC2C26ECCE4D8950739672F5629CE3DABD7C2844E12E6702F54BF3F27E9714ACD8AD3EB280A72307A0EC51E933607A32CC1E12BC33E15FDA63D67FC41DEB2B80EDBCAC12C3586FA0B5FE5D88C1094A6E4C37217941DE7D931E48F1A3D35CF794E08042929EA9D7EBD04A4B26452B9C21B717017DE1A4A25FC666A647721A00F8DA7C389F24804302B2A7AF2CC1C355F357B44A0EA3B75CB999BF486879B1B7B62E0EB30D084FF49F96683FC5C5D7501DDF3FE984A413ACE9BD27E118881A3E4A4D66E9657BC40A4B2669A684FCCAB546F5F4DFFFDA000C03000001110211000010F3CF3CF3CF3CF3CF3CF3CF3CF3CF3CF3CF3CF3CF3CF3CF3CF3CF3CF3CF3CF3CF3CF3CF3CF3CF3CF3CF3CF3CF3CF3CF3CF3CF3CF3CF3CF3CF3CF3CF3CF3CF3CF3CF3CF3CF3CF3CF3CF3CF3CF3CF3CF3CF3CF3CF3CF3CF3CF3CF3CF3CF3CF3CF3CF3CF3CF3CF3CF3CF3CF3CF3CF3CF3CF3CF3CF3CF3CF3CF3CF3CF3CF3CF3CF3CF3CF3CF3CF3CF3CF3CF3CF3CF3CF3CF3CF3CF3CF3CF3CF3CF3CF3CF3CF3CF3CE30F3CF3CF3CF3CF3CF3CF3CF3CF3CF3CF3CDFB1D2CF8F3CF3CF3CF3CF3CF3CF3CF3CF20DB38EA4935A3F3CF3CF3CF3CF3CF3CF3CF3CC87D3F8E62A3394F3CF3CF3CF3CF3CF3CF3C7279F6B2D7084CE43CF3CF3CF3CF3CF3CF3CF2FC3BCCE2820994F6F3CF3CF3CF3CF3CF3CF3C042D9A1B24B20A32FCF3CF3CF3CF3CF3CF3C01425375CD016CBD2EF3CF3CF3CF3CF3CF3CF012F723A37C87B2E367CF3CF3CF3CF3CF3CF3C2D92FF003FE2CDA73783F3CF3CF3CF3CF3CF3CF3C1FE0A629738BC6773CF3CF3CF3CF3CF3CF3CF3B66F233F82E676BCF3CF3CF3CF3CF3CF3CF3C91FF006683A47D73CF3CF3CF3CF3CF3CF3CF3CF3C6A176E6DB7BCF3CF3CF3CF3CF3CF3CF3CF3C8AC81B12058FF003CF3CF3CF3CF3CF3CF3CF38F171C29C6262D8D3BCF3CF3CF3CF3CF3CF3CF3C03251283FEEC67CF3CF3CF3CF3FFC4002111010002020203000301000000000000000100112131104130405120619170FFDA0008010211013F10FF006C577011310EA2CF4C2E077F8678384AC3E8D05C754417BE2E5CAE2B7A016C0A20BB7C9B088FB29F657EC5F4CB14906E0A6FCE2E16B04A19824ABFC0C532A9AF935F3E2A806D97F717B51E8CB65F3B4C5D79AA4941A9951102C25E86A65A840B5975C30661E34A62BF315166508660D76CB72C6CE250CC59D0353485900ABF62DBE61A6E52FE881B113DAA2DDB0051096E8C5265644BB610119B077E7C841B2CE02F5C209989DAA95E98B016D6156F4379A8EA2DC04AB642DB86C385ACB005FCC476FA034C1B312CC401DA0B705703A889E9D10B4BEA5C031B89BFA8A115FA55708C3CE821E9965007F62534C4F44AE0D8E12E38C688A613684418035E85C4564176407643EA306A5A2AF87FFFC400251101000202010402010500000000000000010011213141102030405161A170718191B1FFDA0008010111013F10FD6C5AE8BE803EA3DC1A83E8A9ACB0475DC35E9575F99BD40B73E927C843E4426CE8ACF3E9168B6692226FB52E250073E815442834806202E04003DA140F3EE59B24C018D82B3905CACB8114128293FD8296A7338C4D3CC5504BAFD911EE185544A70330150EA4AA454BAB9B6A98200F8F3A5E2203EE6D50E20C0326519AB2ED16480D2994288AAC50841E7C44448F40B31D2DC882702E5DB2582282265E3D0609B37045A966982821AE8B1A2344FF0030CD1E8A4229E10E72E0E9B2544AE58A59E9A4506DB951CDB131384A81E9586E69A8774DEB09BC097CBFA94510507D15C637798BF8741A6E14B7B7F105CB33197480699B43D043B884A88E18AE18A634E952A02A98068F0FFFC4002B1001000201030303040301010101000000010011213141516171811091A12040B1C150D1F030E190F1FFDA0008010000013F10FF00EB5D6E5DDBECB07D240AFF0032ECFF001BAFD95E8EC6EBD083C340B475FED8A15F777C42A145FA742545BC3861EDB7639EE0C5A82628E26D6F857277330839B55C0F0D68FF0010FD35E5D812F6908182E047FE122E940E53F11403EE037C4D13C75471D0049F1918F66A5939B4BAF264862A9EFAFB8CC3C7F4A7670EC3A300B74CC2FD7DCF6832A8281C89FC213EC2374E06ECE101D4FD23C4204B979C02AC12872AB15964ABBDEFBB1D761C8C14A3E56699E6A4A7993243C9157F24B4753D2D294BD614E0D8359635B84BDE8364858DC0367F82CCD29CAD83AACC94F36DF04E541802C372F38EADA74851427103AF091F7D67C992B37C3C9019EF657D8866F0730461DE5631DDFA4AC0F4175F3EA2813518A215A6EE21B0306750BAFF00037D14D7A695BE1EF00DD095788EECB482811A5F509FE10049621740E89B3309EFC89B8EE4E9227FF86074143484E819875BD44688EEB444E023BAE6AEFD28F9F4B50052451AA230222BD29347EFCEF81277FF00608CA158B657758D194B7CC2AD2B7E484144695D25DC38196FD0815403B34910D17B890DFF009A62A56E066665B36043E6147CE5CB3C290DD78224A23AE7344B381A3E233376EEB9649BB444C4541DEB4889D755C3285AAB76D5FB7EFDE8C4474FD859D3FCBBEFE85F91356907991748E59A8D0003B9C314E088F735DCB0B03DEC96981EF0743329DF454C0F6A6CA85BAA7DC961616AAEF98EDC6183DC504A1B03F81029544B0C83918DB826D5570ABC060ECF8027DF62997B6147BBD040C5BC274989A0CD612DE594A142868B9F37FC9D340B3ECCCF1571FF006114AE110695B8C7E93E44B99664377C9392DC3B9A460CB055B61F20F7FBD6268157827CDF9C9879795D37301532224AE97A7A84000BA0E2FF00E4545158B4731665876FD90D22ED980C2F79D16BF09F7BD0184DDC43E5258BAB45AC57CC16E8E5F74A51EC32BDD2EAC7063AA011AE88B180A0476639EBD68B888110EBEC0FFC2A78A36CC5BD9B8446897E9ED0FBD8F7471105C9D5583DE50938B2C6B4075CC1F0BADDC2816C287913608E9A3B6EC6045459A9ADDD2C89D0FA3F96B25DA9C110458420D88EE476D03CE0CDBEE8490DE1F2302D5763F73FA603E18365FAAAF24BE887FA9461B6B726CFA13DF913F8CBF794ECCD1D4F5807809DF2037180ED50A55B8E91B9E08AD0B29D166346EBF78C6C55EF1A09BCEFE6E20848D0ADE484109C7E7D98AF6E5C9EF253A10DAA736EDFF1E89DECFA5D75199A6A03D05FC8FBCE7C456C60F9FCE22C5FB579C806BC9CC66A19AC9AD1D762080EE22C28A3ED7BE5006DB813D848FC8352792AA1DC2659AD8C3F24D986B176BE8B4C1B44A38C3110EBBF9480887A5BD907E86459AF755806E9D1A654B7647E711175F83F79AE057EEFF48B9490F99CDED6C3720E1850A78B81C657998154C5E829110F3382A8D3775CA0D0EE3382C834E41D856964B8C715E1301DA32B3D40550C682310333597742616ADD326188160231A5D8F98731BB794BC24B4D6CB01F06619F4EA7DE30A10C6D1591F4CD050F163F062D8E1E5E19581494375511ECB5CE402FE3EEEF8B5A6010DD97602CEC12BDC8372C7B84101243A90330312FE6E4506C5891408090C72A3346BBBEFB146103A1A66E5619582050A27725975784D47BCF9298BE44B962ECE6B6B75C06AC20BF5330F0357310ABC30EC04F291F0467DCEDE2F301848FA6259150BD1496CB1CE481D3BD6900E8ADDE365D4108A8F16FF000FDE8314BBDBBF3979A3746E9452098ED0096477250F48F8470C71E26A6F723E8500DC5DA02276D0A2EE4896A1C0FB0A47D37100F22702113E87A18102CAC8BEF66630183832B902332300A68CEC309DD81EAD30958948AD5D5251525744BE140F984A22AF5BBFF30DDA9DFD3660A526F39E308C40520D96A8B0C690008DC335F94FDE8A621DC3FF00C4F10B6411AD98348543FA9BFEE0020225231B7333F8E911BE1B2CF0C378869ED405102A9D21974CDAF06A003BC226A236DC1E87A6E27DA8669543F9B6F3943759D303CD152BC1755AA796224005AB8020A35B884007CFDFD39D74E4DA58817791D742075C60252B462B1A7501701FBDC1490A435B2FD91DB32430408CE45DF479FA6B5506E82143286DCCFCE8576FC93690CB53D34129CDAA55F64CC4EF02F7D5C320360229166DD023F74A7C95D13719B785AF889F508BB004094409E5FF004FBE7094F455281F11D6C9BEE4608823F438824D6994112501166D45D8B5D3D55D734702BE598330AD3ED8C907D7D1608C1E26FF007C7995413E7E28B3044E229EF345164799A41B623C96E9FA8171A6475919AFB4190A637A0CBC467606CF1AF8E7CFDF21B253E3FB67B15D912918402B0F74BF28BFA1AB56EB35830ED620B9DF16A1643A80B1323E96CB1D6A27AE63E43D7DC08D587FD9881AC411422D45351262E55CD6DE23F12F0C156F5D88D89770545BF369005182C00280FBE676603DFF00AFD31408F271627E182565BE561B9AADE883E638FF0087B2D4583A9FF5DC6AB094D77828CA1905309D8863C6A601BA22BA66AE0F22B43E960D059F1D047D21E3CE8036E21259AD769C34EAB2D8000B66C7A1F7EDAD3F2131E460CC412274475F7D89D48EF285A1ED08C5164603542284354835593CDA224444D46007A4383DC8F9D523E52328369897BB47E9776DD37364267C4152B66A06CE92A19D1FF1A5B6978EE747AFF01D5898814FC331B4DC181A8744943D4DFA3654A1E05A65072D4681C148C335834A2F20C6A1060E8F27E92CCF3B203D452C516D7F820BE070D4472AB1D75F28A10D70C050A56AE201985629A2076138520E0B80996362BB2F96FDA3640D435DCEAF9FE0AAAD1626BBBFD62B7718B3AE3D49FD95EBAAA6428CD2BD481790729EF108AE87A177B532D8EFCD0BDB494296C1AA1919718B94A195DC0D92B909464CB2D35F722FC06C7A5E5D980C0653B13A1CF1028FC7F08E3AE97F3EB7304681F998681699EF0FB04E914A4E895083023774C49B735E371089D6D77F0099EC8CD7DD75F47AE39F1E8358F174EB18D60DC675CF3ABDBF86DC39D7F73FB88AC73892F568E8442415836A04FA2DF1AAF60DD5D8253F099605EEB64B6D6439405F827BC06D1130351E5298E8FE1B81EE25F7617A4C7BB01CA950888800FF00B63A72CDE1FEA107B07B339338DE58A672C57A43A7701F4BFA12BCB985F5822B0EFC502A2F6D5315BFB1A6EC1868D8B5B8B5C097843847967F837C07A95F984F68C966D40F867E65A8AFA113B2FDE037D1E4BD4E1623A169A2810C935FBD5CA4AA4D4E09804A26547A2AA040E74213D0B3376DE6049EB6BB5D6889D36595D6E6CB8E1034D5160E7F5FB86A230E21B91B46EC9F246137EFE2655C580D4025CA6D0F15F1C6A80EA8C0EE497A7F8E60B3EB193B27DE85F3C82D2E80730E7B34DB8CFA82F850907F817E4B3E9DE3EC5000AD91C20BF8FA1B12635DF948C1664D51EA89A95BE137AEB733F934CA175D4ABE22864DD8AB9254A965D4201B02BF2B3B797B55E9D345B1F3157C307B371880329A5EEAC8287A2E8174E1E9F78E0005225890DA22D2867AD2A16F097FA262C4D8849C97E9D1B67C61158FA500B300E1C770952520283DE012DAD0E5B7C88810D559461BDEE3842E7A0B8F6757FC3E8E10E9B4141B0B47BD444C5763E66A11C2F4855DAB3F7EE809A89771F507ABF88964B19D77467E22E4E04C5A3343AC4B211AA81EF2E310D34DFAD22D24F797708C21C217687251FA20C9B47028F77D49515677BB4F0CB9EA999764B8D0F2061E690A1E8A5B8EDF4AB07B1196659969A6567F86E80605C5FF00AD292C14D967F08D82B2954F71B97546B731C29AF1189935181406C051E6830740D234DBDDFB6FFFD9, 11, 1, 1, 'willian', '1997-01-01'),
	(51, 'Eduardo', 'Administrador', '$2y$10$GtGZ.C6hYxwMjkpP24J1ieOjAG6pQM0GA2UT3yuj2Ft6neLqrQ17u', 'jose.tamay@uimqroo.edu.mx', 'Tamay', 'Canché', _binary 0xFFD8FFE000104A46494600010101006000600000FFE100224578696600004D4D002A00000008000101120003000000010001000000000000FFDB0043000201010201010202020202020202030503030303030604040305070607070706070708090B0908080A0807070A0D0A0A0B0C0C0C0C07090E0F0D0C0E0B0C0C0CFFDB004301020202030303060303060C0807080C0C0C0C0C0C0C0C0C0C0C0C0C0C0C0C0C0C0C0C0C0C0C0C0C0C0C0C0C0C0C0C0C0C0C0C0C0C0C0C0C0C0C0C0C0C0C0C0C0CFFC000110801AC01E103012200021101031101FFC4001F0000010501010101010100000000000000000102030405060708090A0BFFC400B5100002010303020403050504040000017D01020300041105122131410613516107227114328191A1082342B1C11552D1F02433627282090A161718191A25262728292A3435363738393A434445464748494A535455565758595A636465666768696A737475767778797A838485868788898A92939495969798999AA2A3A4A5A6A7A8A9AAB2B3B4B5B6B7B8B9BAC2C3C4C5C6C7C8C9CAD2D3D4D5D6D7D8D9DAE1E2E3E4E5E6E7E8E9EAF1F2F3F4F5F6F7F8F9FAFFC4001F0100030101010101010101010000000000000102030405060708090A0BFFC400B51100020102040403040705040400010277000102031104052131061241510761711322328108144291A1B1C109233352F0156272D10A162434E125F11718191A262728292A35363738393A434445464748494A535455565758595A636465666768696A737475767778797A82838485868788898A92939495969798999AA2A3A4A5A6A7A8A9AAB2B3B4B5B6B7B8B9BAC2C3C4C5C6C7C8C9CAD2D3D4D5D6D7D8D9DAE2E3E4E5E6E7E8E9EAF2F3F4F5F6F7F8F9FAFFDA000C03010002110311003F00C596D0487EEFCBEB4B1E9BC7CDC7BD68DBDAEF241F5AB0D6A8C71F7B8C50066A5998C7A8F5AB11597FA3D5E360A00F4C5392DBE5F6A00A56D662276F561F953E2B4DB2FCDF35685BDBAE327AD3A3B5024F734014DACFE7FBAD523D8E147CB575A3C49D7A548600A07BD00508EC30B9C7BD11593337DDE335A4D0831FCBE9DE9B1C2C3A9C7D2803367B309B9B144765BD15BA7D6B49E105B763F0F5A468C678FC6802A358831F5FD29B169BB9BEF569796AB1FF00F5A991C586E2802A7F67F3D3A54735830615A223E5A9B32642FD680292D92E3919C7E94D4B5DD274EF57917079A9218D4B74A00CF3643CE1C77A9A4B6F93EED587833381EF53C96DB63F4A00CE86C4467701523C00B8F96AE430EE5A7BA832281D7A500541621871D29A9660568187CB87E6FBD5147033374A00A46CBE7E9530B2063E2AD791FBF1EF560DAEC8DBB71C50066C36801FBB41B4DAFF0076AF410A96C372D492C3F36050054369956F97B5431C2ADFDEF7AD4921DB1FE151476D88F77BE68033A6B45F354FCD527D93775E83F5AB4F1E64C62A56B7C45F850067456CBCFCBDF8A4B8B30EBF76AE4116F3EDDE965B7C8C2FAE68033E3B4D87EED39ED374C1AAF7D98E7A535E0E6802ABC2361C8EB4D82D157B75AB934194A58AD9B68F97F5A00A935BA8DBC502DF038C1EF5765B6DD8E3BD298360E9401971D88697767F0A74D6588AAF4502AC9CFF0017E94B340B10CE77668033A2B5DCBCAD25DDA29006DAD181323A7B5366B70DF376CD00678B1C47EF8A43604CBB9BEEE315A696FB853648C6FDB4019ED63FBB62BC71556DEC8BBB56D184152BEA31556DED3CB2DF5A00A37165B13A50969FBAFD2B42E22CC742C6BB146280332E6CF63AEEE2A71681F6FD2AC5E5B2B489F5A984032B8A00CFFB17CFD287B1F6ABCF0E49A4F2C2C7EBF8500650B31B8D492582A47D3E6C55A8A3024E69D3C27CB63DC8C01401970D96D07F8BBE689EDFE5F5F6ABD6907AD24F128CE28028259EF39E9F8D46D679EDB8E6B4A387CCC7DD1F8536E576BEDDB814014BECE7FBBFAD156B60A28024B4B7F98D4C96CC1FF86ACDB5AE1D9BDAA4110268023F23E4F9B934DF2F6C7C8EA6AD3447CBDDE94AD00D9D31C727D680208ADFE4A558B1718AB905BEE8BA71DE991401893D3B5004260CB54CF6C405F6A956245906E3CE7352CC9B80DB40159A0DB1EE61DB8A5B78372D5A68FF0073F371814410E13730CFA5005336F96351987E6ABDB37BFA534C596E5B8340109877C5C7381CD3608B2FF4356841B13E534DB78995B3DA802275C31F9698EAB8FBBD2AD84567A492052BEDD2802B791BD3EEF14F861565E055A5894C6A3D29238386C500406CD85CAFCB524C8029F61CD3D95D2E4156CAE30454B2460C2DEE2802BDAC5BA3FBB425BAF9D8DBF30E6AC5BC4428029CF1FEF4500472DBEE8EA38E238DBFE4D5C311DB9A8E35E4FCB4010F939987F7855831FEE8E7D29A91FF00A454D22613E6EE2802BC502FDE14D787F7B56120D8473D7A5124589A802268F7C676F3C5430C58F7EC6AFBC0A90EE1E955EDE3E0D00412C3FBDFBBDA9FE56633FDEC54D2479945284001A00A169132860DEB525C41B15596A6B78812DF5A7CB16E1D3E5F5A0081519DBF0C5577B5659AAFC70639069862CB934015E48408C53E388631DFAD4E22DE29D143C9F5A00AF3404AF14BE42ECF9AACCD16DDBC51E4EF5A00A1143876EE31C5493DBEF87EEF6A9521C4A6A4963DD11C7A60D0067DB5BE13F1F5A6DE26C7551F76AEC100349796DB31F2FE34015D1008F8FBD519841938FBD9E7DEAF2C03CAA85A1C3500452DB8551EB55605CC847BD69FD9B7A556B7B5C4C78EF4015EEADFF758EF4C8E2D89C0C9AD1BA807967E9505B2170307E53D680294CBD372F3EB4F44CA8A9AF2350C31FCAA48E2C478CF34014D930D408F3569AD98FA7E749E56C1C9FA50052D9993A538C5C1DDE9522C6C65E94E29BCFCBFFEAA00A7145893DAA3961DA18F6CD5A0A0BF3CF6CD36EADB111FCE802182DF72F151CB101BBE9562056117E944E9B633DF70E68028F94BEB454DE5AFF74FE745006942B8CFA548906D97DFAD59B38C02772E0678A9161CCDB9680209E2E4638CFB77A7496D887E619E2A7F219CF34F92002314015E04C474A906D06A75184E053A38D59734015C5A6E93753A588875AB10AAEFE9F4A1D32D4011347BD3F9D228C0C5599E3C45C37B1A448B318FF39A00A891FCED48D1FCDFC356A2E1FA547273374E33400D30623EBDA8861CAF356590793F853205C8A0089601938A59A200548170C71449C819A006245FBBA7C11856E6A510E233ED49027EEF9FBD9E2802192202E17EB533C20434797BAE7156A587741F85005148989F96A568944A33E952470AE46D607B1A57B4633FF0D003655511F1FCA996E9B8FDDEB571E0221E0E38F4A6DBC25473401519365C558756783F0A1A0CDC7EB561A3FDD1C7A500528E2217773BB34346CCF56E08DBB9A7CB06E941CD0054F2585BB061D8E2A1B788939C568320DA7E951DBC3BC373DE80293C58907FB5D3DEA4307C80FE753791FE90BED9AB020F90FD28033218B04FD69D708427B55A8ADB9E7E6E69D730058FF1A00AB6B0E71C75A6F95B6E7A77ABD043FBBE2836E37E7BE79A00AAF16F53C638A6DB5B1DD579A15028861DA6802ADF43B9D68F27CC8FE956A78B257EB4A21E28033E1871290DF7AA536B985BD714E5848BBE547E556241B568033ECE3E3EEF078CD2DF4180B9DD53D8C7945FA9A92FA2DD175E94014A18B78C7A524B6D8900E33D7AD5EB7B5C427FBD8A63C07CF0CC1718A00A9E56D1FA5430C59908F7AD278329C75AAD0C645C7268021B88414F6EF55ADE3088077E6B4AE610B0B71DAA0821C0FBBC7AD00675F44C5873DEA4F2F7A2FA55ABCB7E01F7A72DB8F247F15005168C2B6314D90803E95726854BD37C8F2E3E9BA8033DD327774F4A708BE5FE7560C0ACD9FD2830E3A50067A2EDDC178A737DCDA6A6584990FD69278CA03CF34015A35DA87EB4D9A3DC9C7352C0B984E7D69645CC7F2FA50054D868A9361A2803796102A5B68373D4AB0F39FE952C1161BFFAD4015E487CB93F9524B1FCBC559FB2EF95B77E14B3C380AB8A00AD0C4DB32CBC5491A2EC2368C9F6AB222DD1F5A7421421E322802B2C6A0FDDE94D961E78AB5E4F9CDF2FCBFD689A2F9BE5EC2802B346BF67E9F352471623FF00EBD58689BCBCF6A0C4AC9F7707B500558A35CB7CA6A264FDE55B8606656FAD33C92B3E31CE6801B71194B7CFB714B6B831F4E6A7BA859EDFD3038A8ECE1CAFCC33400C8A30D2B512C4B95FAD5A8E0018FAD47344430F7E9400222F94377A7351A4383FECE78AB062FDC9FA516F165714011343FBE5C55864DD09F4E94D3C4E33534B8F2F8FBB8FD68020B58762FDD5E4F15218B1353E14F9452B8CB8FAD0012AAF97F853123C81534A994A485081401094CDC54DE57C87E946CC4953326613F4A0082287E5A5923C4A07B5490C591D69CEB99466802130F1D2A38A3080FD6AE3A7EECFD2A1813750042F0E65FC2A40985A9254C4ABEF4E687E53C5005481396FF68D3EE61FDD8DD4E8A32BE9D7D6A4B88C145CD004312284A69003D5AB788670BF350D6C0CB4010B460A53634E6ADC96FF002F145BDBFCDF4A00AD2C1D29EB0FCB52DDC5F32FF0F35325AFEEE80338C0CD719EDDE9F2C036D584873237AD4B2DB8F27E6F4A00CEB4B7C2F1FC39A7DDC1D3D2ADD9DBE51A8BDB7210714014E38BE5E29B345F3015712DFF0077D2A3B8B7C4EB4015C4381F5AA8B69FE92D5AAF0612ABC30012B77A00AD716BBA23F4A6DBC188EAFC91661623D2A3B78005FAF5F6A00A1790858BF1A92084794B53DDDBE69D141FBA1814014AE6005B38C537ECE1978FFF00555DB9B6E4714470051CD0065BDB2ACB82377D29B2DBAA1FBB57A4B555B9C86C0F414D96D97D68032E18D566623BF6C51716FBC67DAACC707EF5B918C714C95369F6A00A3045FBB61B7BD47710E07A71572183EF73DE92E20DD131C74A00CEF268A9761A2803A9DA5545110624D59015E31C5240A003F5A0087CACCB4E687207F7AA553F37DDA57183FCA802165DA872BDA9628548E9C559961134431D688E1C478A00823870F4CD811D86DAB090E1B34823CC8D9A00AEC988F1EF46D017D0F6A9674C6280BB93EED0057485829DC3BFAD0D1ED941FCCD4CBC8FC690A6E7A008E7E61A6C11E6ACCF16105471A5003631897E869270309EA2A609F9D24B1676FAF6A008F61F2E9D10F9722A4DBF2FCC334451F1F8D0046A80C9CF5A9264020A77963CDA92E50793F87A500476F1363A53B6067E3B53A0FF00554ED9B1C7F79A800316F8F229B1C7FF00D7AB3245FE8DC53208BA773401005065C55BF297C83F4A69B6CDD67A55891008BF0A00AB143961819A57B6FDEFDDFD6ACDB45C512E167A0085A1C45515BC7B811B87F4FCEAECB17EE0FBD79BFC7FFDA3FC2FFB36F816EB58F136A0B691A46DE4DB2F335CB63E508A324924819E9CF38E6803A3F1878D34BF064226D4EFADAC60519679A411ED1EB93D2BC4BE257FC1517E0DFC38BAFB3CBE245D56E94ED68F4D83ED657EACBC0FCEBF31BF6AFF00DB73C55FB4B78C2F2EAEA6974ED25A56FB269D13E63863E8377F7988EC7815E24F7AC59B9555EA140014FBE077A00FD795FF0082C87C1B8D373DE78959B3C20D2A438ADDF0DFFC159BE09F89C856D7B51D3587FCFD6953AFEA0115F8D91DEC9B78661F46A7B6A32165F999BDBAD007EEB7817F6CDF857F10AE962D2FC75E1FB89E4E5627BA58A43EDB5B0735E9167A85BDF289A19A19A26FBB24720646FA11C1AFE7C6DB5E78970E4B63EEE57FA74FCCE2BD83F67CFDAFBC51F02FC4305E68FA84E618A41BED259DCDBCC9C6414CE067A702803F6F953CC4231CE288606070463DEBC2FF0063FF00DB9FC37FB506902DD77697AF4318F36C257CE48EAC87B83E99AF7CB51E650057BA819B6FD6A558BE4A96E130053E28F31F4A00CE8E1DB73ED5724815A2FC2848B7DCB7D2AC4D0EC868028DB418FBBCD1790FEEF9AB369112081D734FB8B6DC94014638729FC549342A6E17E957628405C77A8E58BFD20500579200E9C5518E2DB39FAE2B716DFE5AA5F650256FAD0056960C42462A3B7872A6B42687F73CF4C5476F00781B1DBBD0067DD267814E821C28FF001A92E633149D3AD58860FDD8CEDA00AB731658547E4E474AB935A7FBB4E8A154E280325A0DF2629CF6DB531D6AD5C5B7EFB343C3B850063B5BA891B0B492DB829575ADBF7A78A26846DA00C78E1FBC3DE99728CD115C55BFB2E246CFAE69D70A5A3F97007F3A00C7FB335157BCBA2803A4F276A7B53618F1EFCE71EB56228034752C36EA3F86802A6C2EDB80DAB9E94AF6C437D6ACAC1B8FA73C539A2CC9D2802AB46C8BFF00D7A915418BFDAC73534B1ED03EEAFE147903CBFA8A00AB1C5B4F5A478F6B54EB073C76A76D5F3B3FA500559A2DA051B06DAB17681947639E94D306613F4A00AAB0E435344186AB10C58538381E949B373FE3CD0032E22DB1AD245182BF3727152CF16475E944512AF7A008523DCC69264E454A176B9A6CC30E334011F9395241E94E8572B4F28541F41D69638B70F4A006C70E24E4D49769845C67F3A7794AD3280DCD4F709B62FE1E9E940105B21F2B19FC29C20325E296E31525B4780385A9163FDFE7B5001346DF67603BD3605F9402B8C558917F774D8D79A00848FF0048AB0C9FBBCD3562637156258BF73C7E34010C2A71D78A49117CECFA54AAB88F8A123F338DBC8E9EF4015353BBFB345CB6CED9EA41C7A57E3F7FC153FE2ACDE34F8E73DBA5C2DD5BD85BC7081BF788A45320200E83218127DABF4F3F6CBF1C5DFC2BFD9B3C5FE21B19FC9BAD334B9A480F1FEB0F09EFDC57E36F81BC0371F143C5375A8EA9349324B319E5666C991D8E6803CFBC33F0EF55F17CB8B587EF1CEF63815D28FD993C4D3441A0B55B86EE124AFA33C37E0CB4D16DE35B78F62A8C61475AF45F05E84D2463108E7B9A00F88EFBF673F19DAFDED035065EC522DDFCB35593E0278B7F8B43D4D7EB6CC3FA57E8DD8786F7322F97F2F4C92462B7D7C2CA2D36EDEDCE39CD007E5DDE7C33D6B4C6DB71A7DC47B4F3BE32BFCEAB47A3BDB9030D1B7B8E95FA797DF0D6C75480ADC5AC727A6E40D9AF24F8C9FB1BE9FE2FD3E636912DB5DAE5A3755DA33401F297C23F1C6B1F0EFC5B63AA6957D2DA5E59B031CAADCF07383ED5FB5FFB27FC595F8E3F05F45F109756B8BB840B80A7FE5AAFCAC3FAD7E24F8B7C05A97C33F13B595EC6CAD0B1C1E30E2BF46BFE08CBF1562BFF000BEB5E13666592CE517B0827AAB60301F4245007DCB790E157EB4E8E33E5F3566E620CABF85489128414019F0C3FBF3C7E3566E23062A9520C4BD7AD49343F2D0052B58369A7DD45B22F726AC411669D756DB9071401462B7E94DB8B7026FC2B423806CF7A64D07EF96802B887F7555A3B6CCCC715AC96B9155C5BE266A00A3736D9B76E371FE5515B41818FE1EF5AD2DAE62FC2A2B5B51934018D7B6F96C76EDEF534106E55F4C55FBFB21E94FB6B3C474019D3C195A12DC0393E957EE6D7E65C0EF4F5B2CAF4A00C79EDF0F4D36FC0F4AD2BBB23E6F4A059E57A50061CB6D994EDA6C96BF2F35A92DA6D9B18E69B2DA607DD5A00E7DEDC191B14D7B6F92B5059AF9A7D69B259E47CBD7A7E340187F63FF668AD2FB0CD45006AA4584A7A47F21A90A623A7451E139A00AE9190FF008D388FDE7BD4A89B9A9191BCDA008A58F2294604753490F14D11607CD4010C6B83D69AB185977558F2B6A9A644AAC5A8023B88B7114863212A69D30CB4D65C2D0055587E5F4E69BE5E64C5581CD11C39662680239A0DD17FBBFAD224395FC38A9E45F971EB485703D4D005786127F9525C45991771CD5A8D7E6A8E75CB50043320DAF8DDC8A58205D839E7E952B281171F2F1D29D0A31614011A5B1FB467153CD16539A7A2FEF6A499331D00436F0FC829DE5FEF2A6B74F9450531754003A663151C31E5EAE3C198F345B5A963C8A00AC536CFED564C7BA1FC29238713EDC647AD5C920FDCFE14014960CA53625C3FD3D2AEC70EE4A67D902499FC6803E3BFF82CE7896EF45FD9662D3ED59923D5B5582098AF56453B8A9FAE07E75F12FC18F068D27C316F260EEBA1BDB3DB15F747FC1612C1357F819E1CB3DBFBCBDF1040A3D47EEC938FCBAD7C73AFDE5FE95690E9FA3D9995963019B8013F13C50074BE1FD2E4B999552366E7A81D2BD67C1BE1D786DD372E3A76AF04F0BF8F7C55F0FE74B9D4BC3D35D58AFDE95486DA3D7826BE93F81BF1EBC2FF0010916358E4B79B015D64FE13401D0E91A3C68BB64503D735BD65A6DA247F30F947702BA9B7F05E97A9B2CA970121DB9241AA3ADF8B3C0BE1CB7F267D7B4F8665C822624107F2A00CF8F42B3BE3FBB5DC689FC01E7DBB7EEFE6ED834FD0BC71E1A96EC3D8EB1A7DE47DC4526EFD3AD7AFFC3BD2ACFC4964932ED689B90C066803F387F6F6F836D6862D4963DAC0E33B69DFF0481F14DAE97FB52C7A74B308A4BAD32748C13C3B02871F5C57D59FF051BF84B1DEF81E3B85855E304A707183D2BE29FF00827EF80A4BCFDB9BC36A9234296734B3B15EFB46DDBF9BFE9401FB11343C21FA5588EDB7455335B62D6307F8405FAD4D15B0094014E38B74FEF8AB2D6798FF000A58EDFF00D2B38AB8D1E22FE54019B6B6AC7F3A92F21DB175AB5690ED72B525E5AFEEB07AD0066416C5874A6DC5B62751EB5A715BED5A6DC5B7EF96802086DF6478C66AA8B7DD727F87DAB5E2B7F96AB2DBE6E1A802092D3F75F85456565CB6477AD536A4C5D3B532D2DF71FD280336FEC86DFD696DACB30F2BBAB4AF6D309CD2DB5A9645503E9401997163B546062886CF8E95A9776780BC77A20B3C8E9401897567F38E293EC5B47DDAD5BCB6CC8B8EA0D27D9B3F7A803065B3CCFF008535AD15FEB5AD716B8BBE2A37B321BFFAD401CF3D89170D85A47B4DA7F5FC6B69ACB6C87E5CE6A29AC79E940189F653E9456AFD8BEB450056740528F2FF0077562485453BCAFDDD0055B780B3F4A7490ED6FEE8EF566140C7D31CD23A6E7A00AF241F2061F8537CADC99AB8F067683F2D3648F6454014BCB2452410E64AB696EB20E98A8920D9350047716D8151C96DFBAAB372A4B05A47B62B01DD4015043F252449963561532BC75A6C51FCEDF95003278F6A53123CAE6AC4F6D945FAD2AC3FBBA00AD1C7C9A6C9161C558862DC69D3438905005768F727DDA743054B2C642703B54B6916579A00AF14789BF1AB57300F278A16DF3274A9E78B10FE140105BC39419ED4E3086BAFC2A6B684F974ED805CE7DA800923C434B6E98152BAA9828823C8A0084C7FBFFD6A664221FC291A3CDC54F2C4A2DFAF6A008ADA3CA714B2C389454B67F77EF63F0A5B8876CBBBDBD6803E2FFF00829E78AF4FD5FC53E08F0B2492C9A94372DA8CBC7CB045E4B85CFD4903D6BE59F8A1AC5CF82ECF3676F248DC1254679AF7FF00DB9F4892EFF6AFB8B8C2E60D36D610D8FBDC13FD0D64687F0AA1F15D86FB850C5BAFB7E7401E03E0AF8C9E24B8BA874B9BC3B25F437DC078E5000078F9B2A140FC6BAEB1D197C31ABC3A85BC12D934CF8740F900F71EF5E96BF09EC7C26EED1B4C76E48507AFB573CD68DE29F1C5AC214F910CA3118FA8A00F77D22DA7B8F8671DC477122CB245C0F5E2BE65F1C5BE8F6DE2690EB522C8BBF2C243D067BF715F67F877E1D35F782ADE385BCB91400AB9F4AF26F8BFFB355DEA77F75335B4170B7E852489B1C6E1B48C9FAD00729F09BC1BE00D6F4D4B8D25ED565E8D24174CC01F7C311F81AFA7BF678F3BC20E6D1A71358DC60A36EDDB4F6AF9BBE197EC79A46882185ECEE2C248D8B348251248D9EC1C9242FB038AFA5BE13FC3D87C332431C37134D1A81B779CE0D0049FB6825BB7C0AD62E26DBBADE259173D8EF19FE62BE3CFF825E780D75BFDAE6F3512BB934DD3A6901C719691057D55FB7BDCC8BF0035CB5863692E2611411A2F2CECD220000AF3CFF824EFC3B6F87B73AD49AC948F5AD72347B789D8798214EBC7519273838EBED401F694F6FF002018EE3152A41FBBAB5796DB51702A5B7B7061A00A115BE6E7F0AB925A661E285B7FF4CE076ABE20CC5F85006658DBEE97F1A9AFEDFE4CD58B0B6C4ADF5A9EF2DC1839F5A00CEB5B5DC94DBDB4DB3AAE2B46D2005714B736B97538EF4014A3B6F93A2D5516FF00E9471EB5B71D99F4AAC2CF6DD9FAD00442DB311E39C545A7D9E036E1FC55AAB6BB53A52D8596EDDC77A00CED42D3747EBC51696A142D695FD9ED8CF1DA92CAD7720A00A173683CBCFBD361833F76B5AE6CFF00758C5360B1C2F4A00C5B9B2DCF425A6D3D33C569DC5A7CD4A965C74A00C1BBB1DB701B1D39A436EC7A8AD9BCB2C4A33517D900FE940184D680CA6A37B15E6B5A5B3DD313FA533EC479E280317EC63D28AD3FB1D1401CFB421853BCA5117E14E7C718A91A1262CE2802BC10E1A8F2C092AC450138FF001A160E5B1F9D005493E67E29EF1663E6A5960643EF4E74CC42802BC71FCB4C117EF0D5C8E1C2D46D17534014EE22CCEB4EB95CC3F854AE9BA4A278B094015208703D050912866FAD594886CA121CBD0056BA4C44B8F5A5823E39AB177161571D334AB1298FDFE94010C11613EEFAD473C44DC2D5A861E68963CC940104B17EEDB9ED4B6B0FEEEAC3C398E9D04194E2802189374BB7BD4D7317EEB1ED4E821C5DD5ABAB6FDDFE14014ED63F940EF43C2C26DB8AB56B6A4AE714A6DB375400C7B63E4F4A2D22C9C55E961FF47FC2A3B78B68A00A6F09173B7DEAC4D0E60FC294C5BEE7754EF0FEE7EA2802BD943819FC6A49E2CCA188CAF7152D95B7A54D2DA9DE176E7776A00F953F6F7F8771D9EABA3F88957E6907D8A76FEFED194FFD9BF2AF3CF005E45FD9EAA1BAF5AFA0FF006F8D21AE3E02DC5C28FF008F3BCB7998FAEE62B9FCD87E75F1DF84FC4D2699E59693014F20D007A778EEC6D74ED026B99A458C2A3364FD335E6FFB366ABE1FF157C49B8DD78ABE5BE0B10460E7B6473F85687887C670F89ADFECB24ACCACA55C12302B9FF097C23B6B9D51AF2DEFA6B595583611800403DE803EC4B7F1B78634BBD874BB4D7AC5F518C7986DDA40252B8FEE9E69DAC4CBAEC8155B72B7715E7BE11F82DE18F10ADA5F35BC2D7D185DD3A2AF9AC47AB633F85779259DAE84D1C76F26EF2C01B7764FE3401B7E0BF8790DD9325C65B69CE323A577365E1CB3D16D8B2A6D65F5AF3BD37C7EDA6CAAA3D466BA2B9F1F7F6BD89DA7E5E848A00E0FF695F14D969F6FA5FDB16592192F911FCB01B66DC36EFC0F3547E00786A1BCFDA5ADF52B4064863B091039182010A4647BE0D5EF88DE0D5F1D58234DE63796FB8468396278C57AFF00ECEDF09A3F03E87F68993FD3AF002ECDD554741401DECF07EE573EB535BDAE52A6BEB6F2D17EB53DAC1FBAA00A096D8BBABCB6DFBAFC290418BDC7B66B456DF317E140197696B895B8A9AEED3F71C8C559B2B7FDE91EF9AB37D6F987AF18A00CDB4B5DAB9A2EADFE65FAD6859DB6F8E9D7D6BF32EDA00AB15A652A9B5A0373C56E5BDAFEEFA5556B3DB778C50042B6BFB9E9DA9B616F92C00EF5ACB67FBAA8F4EB4C3B7D68029DFDA662C11DA9B6567845E2B56FAD4792DF4A6595BFEEC50053B9B6C0EB490DAAB2D69CF681929B0DA6C5A00C7BBB2C3F4A70B4C47D2B4EEAD438A45B5CAF4A00C1BFB6FDEA8A8CDA656B5EFECFF7CBC547F632474A00C29AD71374A1ADBE535A52DB62EB914AD6793C0E28030BECAD456C7D83DA8A00E0E4B5C1F97F0A91D4C70FCDF37153347923EB4E78C3A11DF140156040DF3629C21DF9ED5663B6DB1D3161DAF4014E4B5CCEBF37D6A496DC083F8AAC345BA4A75C5B6221401561B5045352DCE5B3EB572184AAF35185C123BF6A00A2F0A89B1DE9D34588FF00BAB5625831306A74D0FEE28033DA2C274A5821F31AAE88BCC555DB4B6F6E15CD0054BB876A26D1BA9C96CA22C8FBD8E956AE606DB1FD79A74707C9401460B7CB7E34AF6F8971DEAEC10603535A1CCD4010BDB621FC29D676FC55A962DD1628B4B7DA2802BC76F9B9AB13DBE61A92DED8FDA7A7EB56AE60C5BFE34014E0B6664F94535ADC8BAE95A5670B2AD4532E6EB18E680229ED8F91D3B532DA0ABF3C0CD6FD3B516B000BF350066B423CE38AB4D6FBADF3ED4F5B706E4D5C78BFD1F1B7B50052D3ADB3566E2DD4C8BFE7153E9B6981534D6D8987D6803CFBF692F01B78F3E09F8834D8D0C934D6A6589475678F0CA07D4AD7E69DDD9B9F3ADCEE56566518EBC1C1FCABF5CE5B1DF6E77703079AFCF6FDB73F67F7F83DF119758B285A3F0FEBB2978C80716F3756427DF3F4E6803E60D63E156A0FAA6EB6D46F17CC39C07C015DC7C3CF873A9E9702F99AF5D40C483823766B73C3D147A85DAFF176AF48D0BC00DA9A42D1AAB723008E9400DF0AF83FC69A758F99A5789ADE4E328AF11041F72053661F12F48D66DEE358B8B19ACCB00C2024330CF7E2BD83C05E0EB8D2A158E6450001D056DF8A74C8A6D3F0DB76A83D4500739A0CBFDA3A6C6CFB77B2F3ED5D369C896764B0E7F78C71D6BCFE7F11DBE86920DCB953C5755F02EF87C40F1CDADB6EF31125DED8F6E6803D93E1A7C2CD4EDA7FB55E3591B4930F18476327AF208C57A569F6BE5EDE391C1CD5EB5B2582D02AAFC918C671D38A2D61FDED0043A8C1858FEA2A7B781592A7D46DC1817EB5258C0045CD00515B71F6EFD2B521B4052A0F207DB6B4E0837474019B636DFBC73EF8AB17567FE8F53594216E187F78D5ABEB422DC903B50066D95BED5A92E2DB95CFAD5AD3EDF2BC8A7DEC4A0AE3D680218ADFE5E2A07B502ECFAE2B5AD6DFF77552E62D97DF5A006476DBA3E29BA7DB7EF5B8EF5A905B8D8BEB515942159FFDEA008EEECBF72DDB8A8AC2D38E7A5695CC25A03EE29B6B082817B8A00A7776B84E2882D77255EB9B7DAB4B6D6D914019D7B69B5171EB4D86C8B2F4AD2BDB6E1688A018E280316FACC09978A8C5A7CDC56B6A36DFBE5A62DA7CB401817365FE954FFB08D87E6EDD3D6B42EED7FD20528B4F94F140193F63FF00668AD4FB32FF00768A00F2BF272703AF6A7C96FB107AD3D36B48368A9DD372D005629B53DF14C861DEF57FC80C463B5362B7DB213FE4500519136C9D69D7014AAE2A57B71F68EBDEA5B8B41B576D005548CE2A3F24EEEB5A10DBB08CAFA8C5312155247E140141E2DCF4E961C462AC3C58B902A4B9B7FDD8A00A7144AA29B143F39FAD5E8ED7F77D296D2DB2E78A00A7751F0B4AB18F2FFF00AD56AEE10B22FB9A95611E57DDED4014ADE004F151BC5B6E369EB5A30C3D70B513DBEEBDCE3B5005796DF6236476A9ACA0631E7A0F4AB17706F43B47A54B6D0810814015A183175562E6DF743D2A4861FF0049AB5731E22FBB40156DE1DA169A615375572DE0DC951B41FE93FA500477310F271EA314DB68B6A818CD5CB88B6C345A5B961EFDA8033C5BE6E4D5D7B7FF0047A6087FD2BE61C935725556B46FF64739A008F4FB7C8A927B73F681C53F4F381B7907AF4EB585F14FE2EF873E0EF86E7D73C4DAC58687A4DA02D25D5D4BB106064E3BB1E3A0C9A00E91A2D903630C507207CD8AF9F7FE0A1DAF68BA07ECB9AF2EA53411CD786386C16439792EB72E020EC76827E8335E43F1DFFE0BD7F067E1EF863525F0ADCEB1E34D72184ADA436F612436B24BCE0B4D26D1B41C648CF1D01E95F957F1DFF6E3F883FB4AFC42B7F1178B7597BC7B3626CEC61FDDD969CA7219634FA71B8E588C838A00F71D13E3CC3E1FBB36D76E61955BE4DC7EF62BE85F851FB5069375A6C2CD751065014866009FC2BE071E33D37E2658AFEF92DEF957E68D881823B826A8D9FC2ED5EF589B5BC6DACDC62438FD2803F572DFF69FD220B669649A38E155059D9428C7D73FAD79DF8EBF6C4D2F5132259DDA3AE481B5F3BABE1FF07FC09F116A2B1ACFA94DB73D0C8C40FD7F9D7D09F06BF663B0B078EE7509A6BAD986C48F84CFE58A00EBF4DF19EABF11B5009670CBB5D87CDFC2335EF3F0B3C4C3E03A596A4CAB34903EEB853FC687A8E7DB3D6BCD753F8A5E07F82FA6FF00A66B1A558AA29FDD24A249188EDB532DCFD2BE6EFDA8FF006F58FC79612E8BE1A5B886C64056E2F261896E0631B54750BF5C1A00FD8BF807FB44785FF68DF05B6ADE1BBEFB4450B986E2191409ED641D5587A1EC6BBED3D159CF238F7AFE74FE10FED3BE31F83BAC4975E19F116AFA1BCC774BF659F679A474DEB82A6BF4FBFE09F9FF00057FD17E234167E14F8957B1693E24C88AD355D9B6D351F67C03E53FE8DEA2803EF6BF8FF72BFEF5496D1064A845EC37D611CD0CB1CD0C9865910EE5607A608E2AF5846ACB83F7BD0F5A00ACF162F97E95AB6F1621AA73418BF5FA56A410FEE850051B18374A5BFBB9CD5CBC4C59B7FBA6996309595BFDEABF796DFE8CDF4C5006769D1656A4BBB6F9973EB53D941F28C54BA943B563F5CD0043126538AAD7306FBD53FDDEB5A9676E36F355AEA1DB7B400F822CA547696F99CF1C66B42D6DF2B9F6A6D8DB8F39BEB4005C419B76F97B543616F5A92DBE62FC2ABDADBE33F5A0086F23631FF3A2D2DC6DAB773065296D6DFE4A00A77F0E5146DC52DBDA61055DBCB7FDD8E28820CA50065EAB6EA1D4D4296F95E95A9AB5AE76FD6A15B6F968031EEEDFFD216A45B65C55CBBB5C5CA71D6A55B4F90FD280333ECA3D28AD0FB2FB51401E25696A3CCABAF6DFBB151C0A448A36D5C31363EB4010C70E169120DAAD568C198BF0A8D4734014BECFBE5A9A5B6DAABF5A9123265CD49710B6178EB4010A20087E951C76CC41FAE6ADAC3B50E7D291623DBA50052F2333E69F3C25956A6119F3AA4962C2F26802BA4384A4B48B25BEB56523DC38FA0A2D220AFF0037AF5A00AB716D968FF1A788488AA7BA8F6B27B53CC61A1FC2802ADB45C3531A1FF48AB76F0FCADF4A5F2B138DD4010CB07EE7F0A2DE13B578AB93C588A9D0AFC98C50057821CDDD5AB983F762A3853175566E4662A008ADA1DB50BC7FE9557205240A86450B746800BA8C0B7CFB553BDD4EDF47D326BAB9B886DEDADE3696596570B1C68BD5998F007BD5ED49BC88B07F84E0FE59AFC87FF82B5FFC1412F3E3078F6FBE1CF85B549A1F07787E5106A4F6F26D1ACDD0FBEA5979F2D0F403827AD007D71F1C7FE0B19F087E115E5D5AE9FA85D78BF5289CC622D262FDC330EABE730119E7838635F337C49FF82FC78C353B8963F0AF837C3FA4DB2E543EA534B75281EBB55820FD6BF3CB53D4D94E39E380130A31F80E3E9DFD6B26EEFD886DAC4798403401F4F788FF00E0AE1F1E7C4925E05F88571A7DACCC498ACF4BB28BCA1E88E622FF0099AF01F8B3F1EFC5FF0019AF964F15789F5FF117964B21D4AFA4BAD9F40CDB57E8A31ED5C9DDCEB0DAEDCE0F5EBD6AAC56EC7F78C720F20500375091A74EA71D073C7E5C5436EEE836A9AB178D88D463AF155E18B32FE3D2802411B8F9D1B6499FA67F1AD8D0FE21F88BC33FF1E7AB5E423B0DE1947E62B3426F61F5A9FC8565A00E961F8E3E34979FF848B505F742A847D0AA823F034EBBF893E24D723C5E78835EBA5239592FE62B8FA6FC1FC6B9C8D1225E6A786692E25586156DDD2802FC172ED2614EE91BAB63737E24934BA9DE3DB2AAEECC8D44ACBA0DA11C34CC396F435932CECA8F349F3360E33401B9A1DC2BC2CD231DDED42EB4D14CE377DE6DC401B831E9D0D73516AEF02EE56C163F956958CC162DEC4348DC8A00FA47F678FF00828BFC56FD9A63B68F45F15DDCBA442DB8E95A8E2FAD587F747980BC60F4FDD94C67BD7E887EC89FF05E9F0978F5ED747F88DA7378535090AC6351B5579EC646270372E4B463D5B18039AFC618A46B9BAF9989C76F4AE8B49D42DEC141DA247E84119FD3A5007F4D9E0FF881A2FC42D3ADF55D1F54D3F54D36E14347736B3ACB1367FDA538CFB7515D85B45987EA38CF15FCE5FECD1FB5EF8F7F675F15C3AA7847569B4B6057CEB7077DB5D283F76443F29CF4CE011EF5FB3DFF0004F3FF008289691FB60F85D74FBE862D0FC6963007BBB004B4778BFF003D61C8E7D48EA3D2803E90B54C4E57DEB42F62CDA37E7556CE3DF76DDF923F2AD2BD8B6D99FA1A00A3A747526A51E427D6A4D322C8A93528711AFD6801B6B17EEEAADEC5FE9EBF4AD3B287F75552FA303505A009ADE1609C0E28B18B170D91D4D59B78F3071E949611EEB86F6A00B1341FB83C76AAB6516F5E3D6B4A54CC38AA7A7263F334005C4388FF000A2CE2C8AB1751663E9DA974F8F2828022BD87F774B6912EC1566F62DD17E14DB687E4A00A7AAC2A0AFD6A08E3157F558BF76B9F5AAE90F3FF00D7A00A17916668FD8D4D1C395A96EE20ACBF5A9A08372E6802A791ED455CFB31F4FD28A00F05B68B373EB9ED57654C05A86D22FDFD5E68C363D68022D9FBBA8A2886D6CD5D30E23A8963DA6802AC683CFC0145D365C7A74A92388B48C7BF6A5BA8D44AA33D6801839B76FA5112E5454A62D96ADDF834DB74CA0A00AEC544D52CC3318A8DA3CCE6A6993E54E38C8CD003630AA99A759C590DF9D294C4442F1ED4FB4E87E98A0083505C4AA07A53CC7FE8FF008525F0FF00495F718A7E310FE1CD00476D0E0139A68E6EEA5B50367DDEF491A6EBDFA5003AE8E22C7B53E01C2FD29F760795F85242BC2E3D2802389775CD4F71F2A2E7D6A180E2E6A5BDE62C8F5A007447681506EFF4827B8A9A21945AAB2B324EDB783EB401E03FF053CFDA424FD9ABF64BF116AD6371E4EB7AB28D234A653F3A4F3929E6AFBC6B97E7FBBF4AFC1FD6EE9833BEECFCCC493D58F52C7DD8924D7E857FC17D3E30C9AAFC63F0A781E2995AD741D38EAD3A03F72E262D1A6EFF00B640E3EB5F9E176C278DBD680332EAF77A6437D4567C73EE766EB8A7EA9BAC95BDEA080E62FD68023B7B56D46F7E663B41ABD2AA89163ECB535AC22D2D776DF99EA39799334014EF533263DE878708B524B1EE6CD49E5EE8E802A88D95B35209980EF9F615318814A6B1F2D785C9ED4011DB24B772ED552DD3A738ADC8CAE896E02956948C939FBA7DEBB5FD96BF67FD4FF691F8BDA3F847456B58752D62562249B88EDE151966C772064E0F5C57A77C5DFF008271F887E0EF8D6F22F1C6B9A4782FC336B2F971EAF7EFE68BA039061851B7B313D14724E2803E6896E1AFAE7CC6DCDCF5EC71516A53EF8485EC2BD2FE2FFC3DF00F82F43B593C23E3E93C677B24C23B853E1EB9D39628C073B83CA7E6E768E3D6BCE5ED4C89D28032951A51F28ABF6AA608FE66F9BD29628445CEDA58F9627A9E98A00B56AF24DF2A1C67835B5A422C1F2EDF324F7ED59163208C7CD5B1A74FFBC423E5191401D6F864324AAD231DADFC2BD457D05FB317C4DD4BE127C42D1BC45A4CC60D434D9D678CAB1EA1816527FBAC0608E9CD7CF9A05BB4CCACDEBC1AF5CF8621D264DCBF2F1DE803FA07F83FE33B7F887E0ED2F5CB461F66D5AD63BA897FD8750C3F5E79AEDAE61DD67FF01AF9EFFE09B5A949AB7ECA1E13663B9ADE396DC13D4AC72ED1F90AFA3274FF00416FF74D0050D39369C0A97528FE55A6E94BBE4AB1AA8F917DA80174E8F29553538F1A8AE2B434E4FDD554D553FD396802CDA47FBAA8EC23C5E3558B41FBAA8AC062F1E802F3A7C95534F5C0FC4D5E2B95AA9A780323DCE68026B85CC7F5150594AB085DDD39AB534798FF000AAF6F00B8B70BF5A0075EDE22AFB54969F305F7AA97DA4C912FEEC961E957F4C88F96BFECD0033538B36FFED0E6A0862DFB7EEF4AD1D561C5AE6A9DBAF340156FE1C327D454F0C5F28A92F61CEDFAD496D1714011F95ED455AF2BFCE28A00F9F2D132F9AB6E9CAD55D3A3C3B67D6AEC8BF30A004923223A8D4657DF1534C7F735128CD00411EEF33AD1763E75CFD29F1AE2434972333F3F7719A0057E206FA1A6DBA65296639878F4A8E06D83EE9A00887FC7C9152DC2ED45FAD450386BB3F5A9EEDB28BF5A0069FBA7E94EB26C75A63FCB17E14B68BF2127D2801B7FFEBE3A901DD6E73E9D7D6A3BD1FE94BF4A91C62D0E796EB4005B2E2234D80FFA637D296D8E63A48466F1A8026BBFF51F85107083E945D7305110FDDAD00476A374EC6A4BE38847D6A3B56FDEB63D69F7E7110FAD0010B64AD52B9908BB2BC0E71C9AB70377AE63E23F8CACFC03E17D5B5AD4268E1B2D2ED25BB95D8FCA1114B1FE5401F865FF000522F8AEBF16FF006D2F881AAC7B960B6D47FB2E204E4B0B4516FCFF00C091CD7CF934EC9231F535D4F8F35A93C65E35D735C936AB6B7A8DCEA4C99CEC69A677233ECCF8AE7AEAD5994E39A00C4D5E4F361FC6A0B360E540E9DEA4D5EDDE3889DA7AF7A87474DC4D006A1937055FE114E0ABB7EEFE3508FBD5329F96802368B753BCBC474629C1B6AD00578BEF9151F59FFD9CD058ADC7B31C53F6E24FC68036FC37E38D5BC07ACD8EABA25FDE697A958126DAE6DE531CD065707E615278C3E22EBDF13B5CFED2F106B1AA6B97F8DAB717F7525C491AF701A466E0FA0C0AC4766718DDC558B18320D00493A34B2658EE0BC2FCC7F974A73441138A704E69F32E23F7C50067DDC4B1DA9CFDECE4567C5302E4679AB9ABCDB22DBDFD2AAD9C431BA802F585BB49B4FBF15BDA659A44CACEDB8E41C566E9EACCA36AD6E69B6CA17737CCDDA803A8F0D037414FFAB8D78C9E2BD9BE1659ADCF96C32CAA4648EF5E45E17D1A5D4E45691B644BFC3EB5EE7F0BAD56D6686355C721428F5A00FD96FF00827268ADA47ECADE118D9B0D35B3DC0E3B3C85BF518AFA2A74FF0041FF0080D79DFC02F082F80BE1BE83A2AAE174DB086DFF00EF8541FAE09AF48993FD08FF00BA6803374643BC7E356B574FDD0A87453FBD1F8D59D5D3107E3400BA77FA9155356E2F17E95774E5FDCFE1557595C5DA7B8E2802C598CC2B51DA2E2F9C558B38FF00D1C7D2A3806DD4A4FC2802F81F27E1542CFF00D7301FDEAD4F2F30E4567598C5C3FD6802DB8F92A1D2D772E3DCD5868CB274A8B48519FC4E6802F4D1836ADC7635169A985AB92A8FB3B7D0D57D3D7E4FC6801DAB458B3FA551B54DCEBF5AD6D623CE9CDFED5675947F3AD0026A49B556A4D3D372D2EA9166353DAA7D2E25D9F76801DB3FD9A2AE792B45007CD9651FEF1BEB53C8987C1A8ED63C4848AB0FF34C3D719A0049E2D91EDFBB9A8406897A66ADCA85EDF71EB5080367E14015E25DF2E4F14CBBFF008F855AB309DCC7150DC01F68FA0A006DC26C838F4A8E107CB393DBF3AB170B986A345F92802940A3ED06A7BA5384F72314CB719B96E6A5B8072BEC6801B229F218FA549609F264D1226E888F6A75A2144A0086F509BE5F4C53A753E47B53AF17FD3169F3A816DF5A008605650B4B6CB8BB352C29951F4A893FE3EE8024BDE22FC69D08FDC827EB4DBCE61E3D688BE7847F15004365C4EDF5A9351E235FAD476C36DD1A9353198C50046AD88F8CFE1D6BF3AFFE0AEBFB628F116A727C13F095E4736A1A8E67F11DCC4729690E72B067A7CE792064E3AE322BF4560F91549CFCA727079AFC55F1EFC00D63E157ED43F11575776D4B59D435D9AE0DC202CD2C4E4BC7EE0047031DB62D00703E18FD9223D77FE3E3569A1E9958630547D33E9D6B6AEFFE09DB7BA8439D2F5E86566FE0BB836E7F15E2BD3FC170C96F36D6564607A30C62BD7BC19370B9DB8C639A00FCE7F8FBFB3278B3E0AD98B8D6B4C65B26384BA83F790FB64AE76FFC0B15E53A57C818FF000E7AE7E9FE22BF5DBE2DD95A7893E1EEA761771ACF05CDBB2BA3FCC1F83D474FC7AD7E4BEAFA747A5EB1796F17DC8279234FEEED0E47F80A0010E4E4D48066ABABE319A779D8A009B39A36E45570CDBAA60CDB68021B85DAD9A447DD524C3CC5A857E534013C6370AB968182FB7D6AA43F76AC42CB8196C1F4A00B60E6A1B9B858FBF4A633F92776EFC2A8DFDCEFC9CD0041797227BAEBF779AB565B7FBBBB7551B44F3DB760E73E95D068F62B80DDFAFD2802D69D66D328E4462BA4D0EDA253851F37AD51D2B4DF34E5B257D4574DA1F8644F828C7A8CE2803A2F0DF055113739E06057D15FB2678024F1B7C62F09E8D29591B56D56DEDD881D03B8CFE99FCABC67C21A7C7A615DABF363A91D6BED1FF824A7C396F1A7ED69E1F9A41E643A3C536A1D3805154A9FCDA803F59F4C8952FD80FBBB988FCF03F4E6BA6B8871619FF64D61247B3526C75CF4AE9658F76939FF00668030F45C1B81F53573594FF45FA553D107FA571EA6B4B5F8BCBB3F734011E9699B715535C5C4F1376E4569682824B61FAD52D7E3DB2C63FBA6802C598CC2B4D821C6A8DEF8C7BD5AB58F16B1B03DAA3817FE26B40179D331D6659479BC917DEB6FCB1B2B3AC21CEA325004E60023EAD55B478F05BFD926B4DA1CA1AABA4419697EB40178AEEB63F2F6A86C114AFD4D5C8E2DD01E3B62A3D3E00B0FD09A0076A9103A51F51CD67E990F2335B37B06FD31BFDD3542D10214A0087568B6C1F8D49A5A7CAA2A4D522FF4504F734ED2D002B40163CBF6A2A5DB45007CD163F78FD6AE363CFF00C2AB58A7CDF8F1568AFEFF00F0A004B952D001EF55D86C43F4AB1787CB45A8F00C2C7DA8021B38F32D47711FFA5D4D64E04D51DC9CDC7E34005E2EC816A38C7C9536A0736C9F5A880C447D850053B65CCCDF5A7DCE14AF3DE9B6C71330EF9CD493A6F75FAD00389FDC9FA1A759C795EB44ABB613F4A75930C5004372775E81ED535CAEEB6E39A8AE368D43F0A96E182DBD00360FB951C033727EB52427115476DF3DC1A0075E7110FAD3A1CEC18A6DF9DB10FAD240D841400CB761F696CD1AA36D801F7A6DA1FDFB37BD1AABF97006FBD93D319CFE1401034DF26D6CAA91939E303B9FFEBD7E4F7C4FFDA124F107ED3DE2FF0010C622792FAEA45B62C3E5545C47D3DD533F8D7DA1FB54FEDD5E13F877A1F88BC39A7DD4B7BAFF00D9E5B5DD6A998ADA568C81B9FA7048C804FA75E2BF312FF449AF6FFCE69B6333EE2E0F5CE49FD6803D3E5F18B5F6A8D7D2F931B39E635CF3EF5DB784BC711B85FBCB5E5DE10B2B64855A46F31946096EF5D4FDBAC6D5576B6D3E83AD00769E38F1A463C357458F1E4BFE3F29AFCC3D5E6F36FEE9F77CB24AD27E64B7F857DB3F16BC7D0E8BE14BCB8FB55BAF97137C8F2005B20E00F527D2BE1590B7903EF2B00323A9CE39FCA8025126E14BBB22990636FCD852BD89A595B6B5004B1BF1CD4A8D9AAC849F5FCAA6126D6FFEB5004DB0D42CB86AB114BBD0F151C8B8A0058B814AC767734DCE286195CE471EF4004B7398F9EC2B3E5592F2ED618C6E763B71566491769F997E99A97C1EB9F185AB37CDFBCDC40E702803DCBE067ECB7A6EB70C371AD4D34DBB6B7948DB76FE20FF00235F42F84FF64AF00DC42AADA3B3B0FE3FB5CE18FF00E3F5E75F0BF582B0C45777CCA075E95EF9E00B962B1F7E39A00A2BFB01781FC430660FED5D39F1D61B80F8FF00BEC35733E34FF82796BBE1B81EF342BD8F55B6886EF2A45F2E60073D72549FA01F857D31E05662A848F4AF54D002C96CC0FDD61D3B5007E67E97666D7516B1BA5686E2DDB63A48A55811EC6BF517FE083DF0DA0BAD37C67E2675537109834F8B3D501F9DBF30CB5F0EFF00C14B7E1841E1DB6B7F1569A9F67BC4700B271BB3CFCC3B9F4AFD01FF00837675493C5FFB24EBDAD5C42F6F35F6B9E53E4603F976D07CC3D41666E9FDEF63401F665F2F95AD305F5C5752D18FEC9FF801FE55CC6B0B8D71F1EB5A96FA9B2DAED63F2EDC50051F0FAEEBFF00F811AD4F1626DB6FCAB33C3A7FD3F3DB26B5BC5415AC18E3D28019E1742F66C7155FC4E815A36F7ABDE0D01B4F6F5EB553C5DF2B45EC6802D592EEB38E9890EDD717F0A34EB9DF62A07DEA742DBF5C8FE8280351E2DAF5474B80FF006CBAFBD6C5CC7B25F6DB547474F335E93F0C500587876B32D57D0A2DD2CDF5ABD749FE9254556F0F262E2E3EA6802E471FFA3B7B838A4D3E2CDBB7B9E2A483FD5FD339A6D8E05937AA924D004D751FFA0B7A608ACC89155E2AD593E7D3DBD706A8BDBEC484D00375250D6DFAD374D4FDE0A9EF554C1F8532C176482802EEC3454981EB45007CC5603E71ED9A5791B7B7AD456527EF6A4DC1A7A0075C92D12EEA6EF5F2B1ED4EBE398D715031F91BE9400B68544951CC71727EB4D80906A1761E6939E94016AFE70615A84362163ED556E6E32429A9B7FF00A37E14015ED0969D98FCA7B54F71337DA147AD56B67DB29DD4E964CDEAFE94016A627C93F4A5B0198FEBD2993B6D84FD29DA71FDCAE7B034011CC47DBFF0A92ECE2DC7D6ABDC7EEEFCE6A4BA7CC2BF5A009616FDDFE150DA4B9B86A7419D9F5A86CC7EF9BD8D004BA93FEE97EB4E8B984545A8B7C8A3DE9F19D91AD00476CD891BD8D57F12DD2DA5A6F665558CFCCCC46D5C7A9E9535A49899B0DB4E720E3A57CE1FF054AF116B9E1EFD9E23BCD1669E1B78EF55751109218C257001239FBE474A00F80FF6B2F85BAC7C2FF8B9776EBABE97AE6997D7124A93C3725E68C162DF3A74C9E84F3CE0F4AE374E856E76AC8DC0EBEF5930F8D6E3C417CEB219994720B8EBF89E6AFC370BD9B0DFCA80379258ECD76C7F28F7358FAFEAB7AA8CB6718B89B9DABC919E9CE3B537EDA235DCEFBB9F5C57D25F087F67BBB93E05DBF8B2316378BAE5BCED007936C9163A139E87A75C5007C3FF0011FE05F8FB54D31752BA6B7BC122B18EDD1CAB6D182405C61B191DF3CD49FB377ECED63F131EE26D6A1923B6B5C068FEEC9331CE39EC060E7B8C57DAC9E09D63C5BF143C1BE0DD4B4D4D39EE3CC681863790DB5989C7A797DFD6AC7ED15FB3C5A7ECB1FB556B1E14B5BEB1BB867D1EC75765B6395B679D18B47F50464FFBF401F2EF89FF0061BF0EDDDCB7D86EB50B1DC46D0AE1C0FCF15C1F89BF620BBD3A476B3D6239B6E4859A165CFE218E2BEB2D4668F7FCACB5992957939DA6803E32B9FD943C556DB8AC76727A6263CFE7587A8FC07F14E972E24D2656C1FBC922B67F5CD7DD2D671DC2FDD5C77C0A82E3C3B0383C2EDF43CE6803E15FF8557E238CFF00C81EFBF08F35247F09FC4531FF009045E7FC0805FE66BEE04F0E5B8E3CBC67D07FF5EAADCF84226662B1A9FA8FFEBD007C6307C18F1148FF002E9B2AB7A174FF001AB91FECF7E26B85DC2D6356FF006A7E9F957D896BE098D8EEDB8AD4B3F0647D36FE9401F19C5FB2E78AAE50165B24DDEB3B9FFD96AF785FF64EF12699AAA5C5C359AC2BCE239496FF00D03FAD7DAD67E0653B485CAD6B41E0485A3198FA7B500784FC39F86B71A62C6B20CE315EEDE00F0FFD9D23C8E839AD1D37C0A8C9B955432FB5747A0686B6CCAA57E6CFE5401D9F81B494091FCBE95E8B616A20B3E9DBD6B95F07D8989147B575139918241161A691822AFAB1E828039DF1CFEC43A87EDA76B6FA4B5FAE91A1C774B25EDDAAEE76551C04FF006BB0ED9F6AFD07FD937E0A786FF66BF83DA7F847C31671E9FA4E9A8142F5699B1CBB9FEF1201E3D2B92F843E058FC0BE01D2ECC28F336799273D59867F4AF4AD19D9226C37CBC668022D65C1D6E4C1E7352ABB7D9BE9C554D41F1AA49EBC53E2919AD24FF67AD005CF0C2F9973D3EE9C1AD4D78EEB2914F5158FE1BBAF249FF68D5FD5A7664933ED40167C37379185CFCAC2AAF8AE559A44DA73CD160C5802B54F5098B141EE68025D32528EAB9EF56E1B8DBADAFE159B6926CBB5FA8AD4B6843EBD1FFBB9A00EA268FCD19FF64551D121D9AE96FE1CE2B61E30D0FCBFDDACFD1900D41BD739A00B1A88F2AE73EB54FC3ABBAE6E47D6AD6B4FB64CD41E1C2A66B8E79A009D5BEF2F7151D9C6C91487FBC69C64325C360719E4D3E02A2DDE801FBFFD0DBFDD35034CAD0C3CF4EB5247936EDEE2AB4C311463EB4013DD2830E7D3AD32D00320A9265DF6EDEE29B66B8714016F27D28A5A2803E5CB29148E0FCC69CADFBE3552C64D8066A559B12B1A00B33BFC83B0AAF23E22FC69B7536FDBCE39A86E27D96CD9A009A07E7AD549E7F9DBE6E29905C926AABDCA97FBCBF37239EB40134F2E645E6ACEFDD6FF0085655E5DAC6CBF30EB4E935354B76E7B714016637DCD4F2E1AE473D0563D96AC809DCE3AF4A90EB717DAB1B968035EEA5FDD70D5369F26E8AB0AF75A892DFF00D62E2AC697ACC6F6DB976C8BF5C834017EEA4DBAA49BF72ED03A8C525E4E1615FAD7C87FB62FFC1577C3FF00B25FC67BAF09C9A06A5AEDF5AC11CD2C905D24291AC832A395F4F4AF2593FE0BE9A6DE48AB1F803502B9E0B6AC9FD12803F4721981897E6151D8B66666E769E738E2BF3D2CBFE0BD5A49C2CBE03D49707AAEAABC7FE395F4BFECC5FB73785BF68CF0DDBDF47E66937778ECA2D6E883CAB153871D4EE0463BD007BAEA0D8DA7DC50B2613AF5AA37DAB4588FE65E4FAD3D6FE32074FCE8026B5E676C363DC76AF9B7FE0A812EB967F056DAFB4DB592EF4AB6BE336AF1C68598C5B731E40ECAE013DABE88B4BB53236DE79AC5F8A9A91B1F07EA770B0FDAE482D669161032272A859571EE463F1A00FC399BE2069FAF6B42D6D5DA4652C0ED5C6D6CE4838E38F7ADDB2C88F83D7AD55F8B3E38D3ACBC4BA85F5C5BDB69F2DE4EEE15230B86249DBD01CE3D2B88B8F8CDA7CA8AB1CFB71FC5CF3401DAEB53496F6FBD18FCA73D715D3FC1FF00DB324F0EDA49E17D6AF64B4B3DEAD148A4AAE09C329C678C633C0CD78FDD7C63D39F4F68DA6591F9E01E6BCA7C6DAD8D7EFBCC86362464020D007E807ED13FF0532F0868FF00193FE122D07CBD42D74AB45B1D3E3888F3DA30801C9CE558B17C93D8D7857C33FDAAB54F1FF8DB5DF14F88A76BBD53C41746594962C634C611149E81576823D8D7CA571A15D5C26E217F138FE5D6ACE92BAAE96CA6D99A3DA41E1B83401F75AFC5AB2D4D37799B0FA509E3A8259032BF1F5AF92F44F1F6ADA6AA7DA14C8BDC8F4AEBB43F8A897A02B49246D9E8D401F4DE9DE2B8E6030CB5A506BF0CC42B95EBD73D2BC0B44F1C4C5079732303D81ADCB6F194D8FE227EB401EE56B7B0B3AEDDADCFAD5AF32277C9C0E6BC6F48F88522329DD800F3935D3697E3F5993E66A00F48B48C13DB69E95A765B52403AF6E95C25A78E6131AFEF3B7AD6A5878A964E9275E9401E8563E52276C9ABD14EBD06DAE0D3C48C88A7771F5AD2D2BC48B2B2FCE3A8EF401E8DA4C48225F9783D6B6B4CD07ED170B2FF000E73D2B95F0EEBD1346373AF1CF5AED745F14DB081707EEF5A00E8B4A3FD9E9BBA32F4CD77FF00B377867FE13FF8910C8CA5AD34DFF487F4273F2E7F1AF23F10F8997ECDB91874E83BD773FB13FC55FB1FC424B1B697CE4BF610CE839EFC37E1401F6FCADB638D7B2F4C7618E2BA5F0D059AC5DBF2AE4DA6CAC75D2786EE562D3CE5A8028EBB2EDD5DF1DEA5B7BA58AD64523E67AA3ABCDBF55FAD5A8EDF28ADED401378725DD718F4CD6B6AEFFB8908F4AC1D0E4F2EE1B1EF5A5A8DD6EB29B9ED401734093CE8C7BD43E208BECCD193C73CD57F06DC979A353EB573C6A4058FEB40156DA1DCE1874AD0D3662358899B8CE29BA144B35A6EA498FD9F5387FBB401D8CB77B36E3EEEDACEB2BBF235F453F74D4AF2FEED33FDDACB9A7D9E208CFD280377567DD23061D0550D02E55359997F85871562FA7DD71F80AC9D3A5F2FC40D401B88DFBE7DB4DD364DFE62B7AD344A11F3DF39AABA55CE2EE619EA4D006B4432A7D2AB2FEF2D54FF0075B152DB4BBA16E6A8D84E5E265FEEB1CD006932E2D0FD0D4369FEB14F635348D9B4FC0D55B27DC13F1A00D4C5149B851401F22DACF98A952EF2FF008D66D9DCFEEBAD24779866E7BD0068DE5DE5D769AA77DAA08AD8E5AA95F6A673F2D64EAFA831206EF97EB401AABAA6FC2E76EFE370ED9AFCD3FDA17FE0B4BE28F037C54F11693E1FD274A92C74DBE9AD607B904E423EDCF1EB835F7978DBC68BE18F096ABA8B36174EB49AE4E7D12367FE42BF9FCF1EEBCDAE6BBA95F64EEBDBB96E4927AEF6DDFD4D007D83A9FF00C171BE2A4CC7CBD3FC2F0AF6FDC33565DD7FC16F3E304CBB57FE11A873C0C58EEC7E66BE2E92EB03E6E2AB3EA2B938ED401F634FFF0005A5F8D057F777DE1F8F9E71A64673FA5559BFE0B31F1B9E4DCBAD68F1FF00BBA5447F9D7C7A350CAF3EB4D6D4F076EEA00FAEA7FF0082C47C7094AB7FC24BA70E7381A4C35F51FF00C13B7FE0A37E27F8BBA1F8A1BC657D6B74FA5DC4096922DB24270EB2336768F615F9486FF2BC7CDEDEB5F45FEC59AB3E8FE01D5A70D892EF51C657B2A431E3FF00426A00EB7FE0A1BAB2FC66FDB07C4FA99D4AC2C5268ACD11EE25D8AC1614E9F89C71563E04FF00C13CB5CF8DDE1C9AFB49F1168F3C36EFE5CAF033CCA8DE9951D7DABC57F69BBD9AF7E2FDD4D29655F2622A49DF805473C8C773F957EA77FC100FC27FF091FEC5DF12A7585A4B85D70185938E4226546075E4D007C11E23FD86B53F0E78BAE347FF0084B3C3F71ABDAB94FB0AB1F39D80276E3D4E2BD07F67ABFBDF03780F4FB02C239EDEE643F2B7218C858107EB5ED9F087C0B16A1FF057FD5D7588DA1B5B5BFBB79526551B4269E0A93BB9F56E7D7DEBC4FC1BA9457F22C96EDE7473DE4B246EDFC4A6438E9EC475A00FD28F0F78D669F4EB7469241B9877CE46D1FCCD775A76AECD661B712715E33E1EBCDB05AAE7B8C8FC07F81AF4FD26EF161D71B80E28037F45D55A495BE6EF56AFEEBCD74CB370474EB5CEE8977FBD6C7426AFCF79FBD8F9EA6803CFBF696FD877C17FB50FC26BDF0FDF69BA7E9B75337DA2D750B5B55496D6E141C4848E483DC57E72F8DBFE08A3F13346D42E868BFD8BAADBC25961DB76207957DD5881935FAFDA3CC1ADD6B3ECC235EB7CA1BE63C7AD007E06FC5AFD91FC79F02E6913C55E15D5B4B8D4E04F2C59B77FA38C83F9D71F65A3C3246BB554E7FB8377F2AFE8ABC4FA4DBEA3A5AC3710C5242DC1475DEA47718E9FA578AFC4AFF826FF00C1FF008C76D70DAA782F4AB7B9B8CE6EAC94DA4C73D4EE4C138FC7E86803F13EDBC376F7476EE8FD300F5AB96DE0458B7346CBEC2B98F8C77CDF0BBE2EF8AB41D3AEA4BCD3F44D5AE6C6D666933E6C51C8EA9D07A63DF8E6B1ACBE305F423FD5AFE66803D0A5F0B4EB17F0B37A71593AA782A551E66DDA7AF15876FF001BAF20FF00966ADED50DF7C66D42F0F10C683EB4017ADDB56F0FCDBA191BAFDD35D168BF186E2CD0477D09E38DC2BCDEFF00E20EA178D9DCABF8562DE788AFAE09DCD9A00FA4FC3FF10AC352556DC9EE338AEB74AD7ECCA2A891595B9073D0D7C6B1EB5770C9B9659579C8C1E95B9A4FC59D4F4C4DBE67998F53401F5D3DFA79A1926EF9C6EAD04F16C96215918B6DE78AF94EC7E3D5E4254B6EE3D4D6D69BFB45C908CB6E627B67A5007D349F167CAF966DCB5A9A67C59B745CACCDEF915F3459FC705D5137347BA963F1EDCDD4E4C10BAF7C678A00FB13C2DF1296F9542CE3938EB5E91E18F153450AB349F2FA93C57C47E03F1C6AD0DC2EEB73B720FD6BDD3E197C4B373A8C76F78DF65E9B848C063E99A00FA4FC31E31B43AF59FDB9E3F215C332C8A195C03D083C107A57D7FF00B31EA5E0DD63C46D3697E1FD1F4FD56E2204DC5ADB2C7E6A8EB900614FB8AF8CFC25F0EFC23E3B259AFAEEDF5028364C2E3EEFBED3C71F957D89FB187ECFF63F0EF496D61756BCD5EE2EBE58E49B01517D062803E8695889136F0B8ADED1AE3165D6B9A9EE7E75E6B5F4CB9D965EF9CD0032FDB76A55B36D305B35CD7317976CDA9F15B56B758B55DC68019A5BE2F180F7AD0BD6CD9CDF4AC5D36E80BF6E7A6735A373700DA4833D8D004BE12B8D9769EC715A1E319B7DBAFD6B07C353FF00A62FBB569F8B66DB6EB9F514017FC3571BACA9DA93E6FADFEB543C2F7016CD867BD4BAA5C62EEDDB3C66803AA966CA291FDD158D7D75B7595AB62EF30C7CFF000D63DFCFFF001365FA8A00E966B9DC54B1EA062B2ADAE3678879E86AC5C4FF0022FB0E6B2D67C6BAB401D41932DF8567E9F36DD4A41E9D6A44B8CB8FA567DBCFB7569B07EF74A00E86DEE311B0F5AA3A6CD9130EFBE9D0CD542C67649E6FF7A803A232E6D3F0AA7633E36F3DE9A973BADFF0AAB6737CABFEF1A00DEF3C7A8A2B3FED545007C75697D8B75E6916EF05BE6EA6B1E1D51560DBDF1C639AC5F187C42D2FC19A34DA86AD7D6B61636EA59E79E5091A8EBD49C50074B7B7B9DC33CE3A0EB587A96AAB1FCBFC5F5AF8FBE3F7FC1627E1FF00C3D8AF2D7C3CB75E28D421CAA882331D9EEF776009E7FBB9AF90FE24FF00C165FE28F896F64FEC93A3E836E7FD5C71DA7DA1D7EACC45007E857EDE3F15AC7E1CFECA7E3ABC9AEA389AE348B8B2B52F26DF3659D5A3455CF52777415F887A96ACA368DF9F2D703F5FE98AEA3E347ED2DE30F8EFAB35E789B59BED5256FBA92BE238C7A051F28FCBF1AF3BB89BCD3CF7F7A00B5E7FF69CBB776D078EBD2A19E4483281C36DEE2AA981B1F2F155D8189CE7B8E48A0096E2F7D0D56170CCDD69AC7CC6A9ADA1E68026B4B868F9E4E39AF4CF83FF001BD7E1F68ABA7DC5BB490ACC66DC9D4920039FC8579AA26D34E91C22D007BEFED11A458F8775ED16E269649FFE122D0AD75BB591A3DB98A5DCABEE3FD5FA679E95F69FFC12C3F6BE3FB397ECAB15858B79B7FAEF8D96DEE605B82B2448F1A00C5319C67F3AFCC7D5FC677FE28B7D345E5D5D5D9D36C63D3ADC4F2EEF2608C9D91AF1D06E26BE93FD8FEFBC07A7FC2DD575AD57C402C7C4FA34F24F676D24A9188FCB4568DBE600C859B7000648C7D2803E85FDA87E33DFE87FB54FC5EF11585C29D56CCC90DE4A9F37EEFEC1086C11E88002474C1EF5E63F022E85D685A445180BFBF8E30077F980FF000AF9AEEFE3B6AF7FABEAD7925E4924FE214B98F512486F3C4EA52404FD3183ED5EF1FB32DF99F4EF0BB7FCF5BA879F4CCCBC7E5401FA55A448BBA0C36EC1E0FE7FE22BD234BBCC592AE7EEAF35E57A54E0B5B85E72DFE15E9564FB2CBDF68A00D4D02E4971E84915A17771FBE847BD61E8129083D9AB4669B33C418D00763A25CFEE1707B555D326DD7CDFEF1A3429365AFE155746977DE37FBC68037B5A7DB6F19F439AF2FF00DAC3F6A3F0EFECB7F06352D6B5DB892379A196DAC6DE1FF5D75294385031C1CF7E83AD7A36B9206B54F9BF0AF8EFFE0B67E15D1F56FD8AAF358D424316A7A0EA56D369ACA7969A4611BA1F66476FFBE7D71401F8C7E20BF3AA6AD71349B8BCF2BCADB8E4E492C4E7D7E639FA550F2C761525F9DF2B32FD7350A39C5003B68A7A8E29ABCD297C1E28017BE314C92DB71A78191EFDAA4C011F3FCA802AB58EEEE6A17D3F04FCAB5A90852BFF00D6A729434018DF62FF0060D02D157F85BF3AD92171F77F4A04284D0066DB092D995A366E0E4574DE1CF1DDC69172AD32F98BF4E955218E3CF38AB9069CB262803D9FE147C65D18DDC2971218A42401E6AFCA0E6BE8C1F0A3C1BF1FFC3B6FB6E9B4BD5EDD7FD16F6D25F9E36EC0A9E1949EB9E71D2BE181A02DC47F326D6F51D6BBFF00829E2FD5BC1FAB288AF2758D586D56EDCF6A00FD2CFD89FF00604D53C43A0DF36B3E2EBDDFA5CE8124860568EE10F206D27E56C0FBD9E3D2BF433E1C786AD7C13E1CB5D36D777936A81109FBCC7B93DB9AF0BFF82712CB7BFB28687AA5D3335DEADBE7989EBC36C03F2527F1AF7DB09B0280346E6E36B75AD2B0BBC5B8AE7EF66C3AFD6B42CEE3F714012DD5C7FC4C073EF5AF6977BA01CD72F7171BB50AD8B29FF722801F617045FB7B9AD3BA9B16ADFEE9AE7EC266FB5B7FB24D6ACF39366DFEE9A007786EE36DDAFD6B57C553EFB5CF6045737A25D6DB8CE7E95A9E22BCF32CF83C6450069786A7CDB1A5D5EEFF007D073DEB33C3977B21C669757BACCF0F3DE803AD8EE7FD1E3E7F86B2753B9FF89AC7F514F86E99EDE3E7B550D4A6FF004F53401D4BDC028327AA8C5644D73B75C5E7D29E6EF7A47FEED665D5C11AC2B7B500752B75871F4AA515CEDD55AABC578CDDFB553379FF001357F9BA8E39A00E9A0BBC1EB552D2E333CDEC6AB4179F21C9AA76F7CC97530F71401D22DD158EA2B5B8381F5AA097CA62FC29B6D79EFDE80373ED54565FDB7FDAA2803F32BF6A3FDB17C3DFB307C3F9752BC963BED4A656161A6C6F87B87009CB770B9EA4E38AFC98FDA4BF6CBF197ED09ADCB71AF6AB70D6F9262B2B77F2EDA15CFCA157B91EA7AD79CF8FBE33F883E26CD0CBAF6AD7DAB5CC31F931CD7526F91547A9FF000FC6B91BBBF61C6E2DBB8A00BF79AB34CC72CCD91DCE7FC2A8497DBC7CDF7AAAB5DEE38E7F2AAD2CB87FBD401664BDF39B6FCD4D16F923E6AABE6F90DEFDE8B599A598EE3F2D005C9E42576AFE751259313966A576EBB48FCE91AE7A608381EB400A96A01A7AC3B69825DDF36E152C7273D68017E58C7CD54EEA52EFFECD58B9265385F9BF1AAB3C6506DFBB9E3D68026B2909383D3DEBAAD1BC0DAB6A7A7F9D6B697132C8080427CAE3F2AE56D6D5400777E66BA4D1FC49A8595BA430DF5D246BC05129007D314018E4BC52ED2ACAD1F6236E39C6715F5C7ECC71F95A6782E3C6E66BBB6C91DB332D7CF5E1BF84F79E36D0758D5A39ADC47A3A2CD721CF2E1CE3F77DCE3A9AFA1BF667B982C8F85A30C4B47756C3AFA4AA4D007E91E89B435A2F5C9E38EBD2BD32DA26FB06578CA74F5AF21F0FF89ADC49665A450B80793ED5EA1A7F8BACE5B15DB3467E5E7E6A00D4F0FF00287EB57AE066F21AC5F0EF88ED641F2C8BD4F7AD09B5EB75BB87748A3F0A00ED346522D2A8E8ADB6F5B3C65CD59D1F53B77D3FE5914F19AA1A1DDC735F3ED7562AE45006C6BCE5618FEB5F9CBFF05F4F8E175A4F807C29E038422DBEB92C9AADDB0193B6021635F6F99C9CFF00B35FA25E22B955B75F9B18E7E95F8B7FF05A3F1D5DF8B3F6CDD52D1FCC5B5F0FD8C1A6C71B74E37BB30FF78B2F23D2803E3F173F39A703E61A827B1F30EE56E7AE2A2114919EF40174315A6B93BBBD55F3E651C7342EA12A7DE5A00B43CC53F2B62A4324D8FBC2A9FF006A303F769E9AAAE395A00B4279C7F769AB733063C2D46BAB4247DD34D1A9C61BFD5D00583A84B81C7EB52457B275F2F3F854315D2CCBF2ED5F6C54B15CB29C6E555A00B315FBF787F4EB57AC6FF6BFFA86EBEA78AAF6F7184FBDBAB5AC444B18676DBF534017F4BD59B7FCD6F21515DBF833C63A7C5771ACB0CB1BAB0C1DB9E735CB69F7D1C917970B2B363A64735BBE16D0DA7BF8E4923DAACC38E3D6803F6C3FE0987F12EDFC6DFB2F416F0FCBFD91793DB803FBAE7CC1FF00A191F857D1DA7CC4AD7CC9FF0004C0D0EC743FD9434F6B5842493DCCCD70CA3991810173F452B5F48E9D3E16802E5F4CC4AFAE456A69F2E6DEB06F27F994FBD5FD36E4F9740125D49B75115AB673FEEAB9EBE9F1A82E6B52CA75587EF5003EC6E152E9C7F166B5A6989B46FF0074D7396F3FFA7B1ED9AD17BE53048A3FBA6800D2E63E72FE35A3AC5CFF00C4BCE7AE456069D7A048A55BB9CD5CD6F52CD81FA8A00D2F0F5C49BBE6DB83D2A7D5E6C4B07D6B1347D4F1B4EEA359D4DB30FCDDE803AEB4BD611AFA62A9EA979B6FD41600F3D4FA567596AB88914B707AF35E4BFB65FED6DA2FECA3F092EBC59AC379ACAA61B3B456DAD7B3939503B8E9C9ED401EEF1EAC1615DCC3380719EA3DAB9BF11FC4DD1741D47FD3354D3ECF68E4CD70A807E66BF0B7E3CFFC157BE2A7C6BD5EE37F892FB47D35C90965A73FD9E255CF00ED1B9B8EA589CFA1AF0DD5FE326ADE209DA4BABEBBB891CEE679253B98FB9EFF00A5007F441AD7EDABF0D7C22FB750F1C786E1C7047DB518FE99AE46F3FE0A4DF072D755E7C79A2953F2E43B11FF00A0D7F3FE3C6D74C0FF00A449D7EE83D7F3A67FC25D75B3FD6B7D327FC6803FA1AD3BFE0A31F07AE13E4F1F78746EE06663FE1535BFEDD1F0BEEEF5BCBF1E786DB7918CDDA8CFE75FCF0A78CAEA300F9D202BCF1FFEBA7C5F102F1653FBF660C39079FEB401FD2168DFB55F80F588D7ECFE2EF0F4D9E0017D1E4FEB5BFA4FC55D1F5AFF008F3D4F4FB804FF0005C29FEB5FCD45B7C40BA8BFE5B32E7A6063F91AD6D0FE32EB1A24E1ADF50BA8F9057CB94A60D007F4ADFF000945BFFCF48FFEFE0FF1A2BF9CBFF869FF00167FD07F5AFF00C0D7A2803E4D07E7E6ADE9FE1A93C42ECB19DBB4703D6A9282CFC7E75D3FC26BB2BE2A8616E5661B7F1A00CD5F861781F6B7CBCF519ACFF11F83CE82C9990B337382315F46CFE1E8A4B466C1CE33D2BCC3E2CE951DBEB3A4A9E9336D627B7207F51401CA68FF000A24D76CA3992E9559C6594AF4AB43E085DAB7CB716FC73CEE04FE55ED9E1FF05476DA3AF922356551938EBEB5AB65E1992775FBBF2F5F945007CFDFF0A535490FCB243B738C976FF0A93FE146EA511F9A687E819B9FD2BE90B6F08B6F03F778EBD2B4A1F0AB2AFDC85BFE03401F2F2FC0DD4E4EB35BC7E83737F852FF00C28ED5A3906D9AD4FF00C0DFFC2BEA5FF8431A74FF00570FD3150B780989FF00530D007CCF27C13D4AD602D2C96FD3270EC7FA5539FE0ADE5DA656687E855B9AFA764F00B3367CB8B683C839A824F03B296FF47876E3B5007CE1A57C07D4A595559E355620657B7E75BA9F0127847FC84195BD5474AF718BC1ECBFF2EF8FC6A3B8F08B67FE3DFE9CD00791E8DF04E68436ED4E4C1E836F5F63C8AF4FF851E1887C29A9DAC8F7134CD0BAFA607239AB1278564897FE3D1BEBBABA5F855E05875DD6628E68997F7AA301FAF7A00F6CD07C6F049690C81A46545E723FFAF5D447F182DF4EB65D864E9C8DDCD73FA4FC2FB6B48C20FBABCE371AD28FE1FD94272D18623903340164FC6D9AD515A146907270CE78FCAA27F8F1AC4E54C2AD19CF403FA93562DFC216B6A372C4BCF6C74A91346B70FF002C6BD7D2801B6DF1BFC577B32471DDDD46ADC7CAF8AF4EF8210F88EFB5BB7D424D56F99118E6369895707D6BCE6D6CE3B6BB8BE45F94D7BB7C10E34449147CC0F19A00F54BBD6DE2B4B7F39B736D0707A9E71D2BF19FFE0AFDF106D7C63FB6B7880D9AC7E5E97656FA6CAEA3896588B166F7277E3F0AFAE7FE0AC1FB6CF883E006A5E1FF000D785751FECFBCD42D64BDBB9E240F346B9288BF3703700C40EBC7D2BF2D3C63E22BAF15EB979A8DF5D4D7D7979234B2CF29CC92316C927B7340197F6B8DFDA9C922C83B55291817F995A945A6E190C56802F0504FDDA436AAFDAAB40CD11C6EDD5323B11400F16087AD28D3E326951C9A9450047FD9F0D3A2D3E3279A7842C29F1C24F7FD6801CB6312F6A9A1B2824ED4C16BC7DEA72DBF963EF63D2802FC3A64890EE8C2EDF5AD0B2D005D63CDC337A0AABA7DE3B2AC6BCAAF5ADCD3D774CADEDD33D680187C00CB0F9B6EEC920E700D761F085756D5F5EB4D36DE3FB5DE5D5CA5A45137577660A07E248A4F0FEA696EE1645EA3078AF5CFD91348807ED51E0D31C7BD6EB58B60A00FE3DEAE3F4527F0A00FD79FD927E125C7C19FD9F744D16F190DF24467BA0A7EE49212E57D3E5E071C715E99652616910FFA037BE4E3BF18A6D949953C7140135E3FDDFAD5ED3E5C475917D210E9F5157F4F63B28013519BFE260A3DAAFDACDFBA1CD62EA52EDBF5CD4916AF15B2E19D47E34017A19FFD21BEB57259F65BB1F635CDC5AEC2B3B7EF97AFAD5AB9D7E37B46DB22FDD3DE801D697C55F83D09CD58D5F55C58B7CD9E95CCDAEB2BE6B65C373EB46B3AC97B16DA739228037B4DD5B0BF7A9BADEB1B563F9FB8AE5B4FD61917AF34CD5F566902F3CE6803B4B7D74FD9D4E7B57E48FF00C1767E3D5D78CFF68AD3FC21F6866D3FC2B611B988FDDFB44DB9CB7BE23D98F4C57EA0DAEAEE2DBAE303D3A57E317FC14FFC33AFF897F6D5F1D5F7F656A32DBBDC411DBCA96CEC92225BC6BC103D4B5007CDBE7967CEEA9E2B9C0A95FC1BAA5BFF00ACD37504FADBB8FE94B1F866FDBFE5CAF3F18587F4A0055B9CAFF0FE54F8EEB6FCDDA9EBE1DBB54E6D6E3AF78CD35B43BA0BB7ECF3673D0A1A008A4BE557CEEE0FB74A83CF2B26E0DF7AAD1D1AF23EB0B2AF7CA5365D2E550BFBBA0005E944507D6A78EEF0783CF6A81B47B8917E54DDF4142E932951D54F6CD005AFB549EBFAD150FF0066DD7F75BFEF9A2803CBE3635ADE0FBE6B0F13D8CABF298A743F86E1587E660FCB56B4FB831DEC6CBF79483401F521666B4196043A839F7EF5E47F1AD00F10E8DCEECB9C7FDF495EA56B72AF631EEDDF7076FA579CFC5BD12E357F12E8D6F07FADF98A83DF953FD0D007AF7862212E99D3903D7E95A9A7AB0978ED547C1F179364C8C06E0BC903BF15AD65184998B714017E18F7B8DDC715A16B0A85F5AA91B2AB8FA55A8646DBF756802E4699000EFED4F208FF0080D16BC85C9EF4F675F331DE8021450DF795BEB51CD1F3D2AC336074A8F6EE3401545B2A3679CFA53648549EF95E6AC189558B6EA429CE7B50054B883CC4F6EF5B1F066DC45E2BB7E324499FC429AC9D49FCB88F3B78ADAF828DBFC576BB9B82EC4FFDF06803DCEDE0627CC18FA5485F649BBE5C77F6A62C9B61C2D46C327AFCB40130B827777522A157F9A915BB2D30655E801DBF378BF5AF6EF830FB3418FB6E3C13D2BC2229585E47EBC9E6BD5B4AF88767F0BBE14DF6B9A9656D74BB77B9971D485EC3DC9C01F5A00FCC9FF829C7C5E87E2BFED59E25B981D96DF4E65D32356E7FD48D8C4FFC08357CDD29DFD1BF1AEC3E38F8823F1A7C52F116B08ACB1EB1A9DCDFAC648DC9E6CAF2638E38DDFA57132C9B4ED5381DC500382367EF034E0DCE0AE6AB9661F77E5A167788FAD004CA143F4A952451DE9968CF312BB0D48D085EA28000FF00FD6A724AD51955F7FCA8112E7EF7E9401604F228FBBFAD396E2503EEAD570AB9FBDFA54D142AFD1DA8024FB45D633B569A6EAE8F5DBCFA539E26D836BF5E29F1231C29E68025B7BABC551B54D5EB3D4EFD0F040C1EBE95562878F94907D7278A922967B76E9E60F6A00EBBC39E2E9AD4AFDAA1675FEF8EDEF5EEDFB35F8D62F087C46F0FEBD6EC19749BD4B88C139C1190723AF435F3BE87E20586322585981E08C57A67C09974D5F887A62CF335BD8CD749F69073FEACB00D8F7C66803F7E3C35AFFF00C243E11B5BE1FF002F56E92E07FB4A1BF955ED3E7FDC9C9AE6FC01A958DC7C3ED3CE9B22C963F668CC0E3F8936803F4CD68D9DE60E334017B52B8D8CBF5CD5DB2BFF00F47CFB73581A8DE67613FDE02AC417AD0C1B97D322802B78CBC4E34EBA58E3F9A470460738C706B9793529AE65DECCDF9D7CCBE38FDA93E20689E30BCB7BAF0CB4D1C72101BC893E5193DC0C1EDD2B19FF006EED7345B868F50D02DADD946E024DF196EDC645007D5E975279DD7F5AB82F18C3CB0FC4D7C9FA47EDF371A864BE93668A3FE9E5BFC2B453FE0A01E5C7E5BE8B9DC7865B8E3F5A00FA62CEE584AD9E0E6B464BBDABB59B3C57CB917EDE904655BFB289E79C5C55F87F6FCD3E58B3269770A7FEBA93FD2803E94B39F278C1C5589A4DE172ABD6BE75D27F6E8D15E3F31ECEEA35E9571BF6F7F0DC29936FA830E876A8C7EB401F455BE24831B7AF1581E31D061D481692DE1676C9F9E356209C8EA47A015E43A4FEDFFE13BD6C469A86D5E1BF76839FCEADDC7EDBDE11D4090CD7F1EDFEF5B83401B5A8FC36B3924666B1B363EAD0271FA566CBF0CF4D2DF369964DF4B64FF0AC997F6CDF07DCBB279F3E40E3F715A169FB40F87B5AB05BAB597CC56FEF205638F62680124F853A3B0E747D39D5B839B54FF0A81BE0FF0087C9F9B41D1DBEB63167FF0041A68FDA63C3715DF9333C91738C98FA1FC2AF5BFED05E17BB9C4497C86461C0C1FF000A00AABF04FC3771CFFC23FA2FE36517FF001344BF02BC332F03C37A1FFE0BE2E3FF001DAD71F1ABC3B02664D4214FA8FF00EB544BFB41784639CA36AD6BBFD064FF004A00A317ECF3E166196F0DE86DF5B1887FECB509FD9A3C2125C37FC52BA037A66C22FF000ADA8BF682F089936AEB16C598E31F37F855CB6F8DFE156907FC4D2DBAF5C9FF000A00E7FF00E197BC1FFF0042A787FF00F0063FF0A2BB0FF85CDE19FF00A0B59FFDF745007F3A0B03B7DD5666F619AEA7C05F0FAEBC45AAC6CCBE5C5195662DDC66BD56DFC0B65A3DBB2DBDAC71AE3AEDC93F89A5F095A2AEB9E5FDDDE83007720D00759656FF00678517F857A1F6E2B91F10E64F89BA3A1656FB3C7231F707207F2AEE275C458C81B477E2BCFAEEF619FE2D42ACD968EDC83B7A0396FF0011401EABE163BAC266C7208C56969BB5C316F98FF2ACFF000BE1F499D47F0F35734D89562CEECFCDC8A00BF10DDEC738EB56E36F2B6AEF079AA6A72372A9DA3B91562D9164E7E5A00D5B66CC631523A8073EF505AB7CB8CFD6A4765CFDEA0052770A43C71D07A546ED83C63F3A50DBD68010C6BBAA09652ADB54EDF4A572C18FCD55646632F1400CBF93CC8BE6FBDEBE95BFF047FE46480B72C2463FF8E1AE5B530C6238EB5D37C07663E22847F16E3FFA09A00F738DBE4A6492F3C535DB6A7CDCFD2A91BB0CEC3F0A00BAB2FCC3079CF34C69F327E35462BB28F8E68FB564E0B77E07A5004DE6817D1EEF9860F03BD790FF00C147FE374BE1AF83DA3F86ED2E1924D6A4335D804E4C510C007D8B3818F6F6AF50375B6FE35EB906BE04FDB3BE293FC47F8B374EB2335BD885B48467E5C2E4938F762D401E457B70D2CBB8E3A926AA975F33EED1386CE6A359327A5005852AFD2816DBCD4427DA6A7B593730E7A9C0A00D4D26C5560DCC58376CD4924119259867DEA7B429F63E7E622ABDCB7CDF29C2D0054BA8D7F86A148AA5901634E10B2AFD6802336F914B07EE1B0DF74F5FA53BCBC1A77D9FE527F8BB5004CDA66F5DD07CCBE99E9562D34A938E7E6F4AA76066B49372EEDDD6BA2B0D6BCCDBE742AD8EEA39A00A62CA780E4AAB2FB0A963BC6B72331E07BD6FDB5E59CF1FCD0CBF81AB69A6E9D78ABFBA93F1A00ADE1892D67B95DCABCF5F6AF52F05786ED75045912252B19DDD06735C5E97E13D3278FE4B731BFF0078377AE8FC312EA1E16BB8DA1955A12C01561D07AD007EC9FEC8F23DA7ECD9E138646DEC9A702C7767277BF1F867F4AF44B4BA19AF3AFD9FBC3EDE06F83DA3E9AD32DC7936A1C30FF6B2D8FC335D6DB6A18C8DDDE8035352BD0517E6FE2153D95D078B0DE9EB581A9DEE0AED3C55BB2BECC0BF37340107886DE17BE56DAADB8771906BE78FDB23C1F63AEEA3A6B49044CCB03AEE08173C8FF1AF79D6AF737B1F3D8D78AFED3E7CEBCD3BE5FE07FF00D92803E3CF1A78C7C0DF0D758FB16B37EBA7DC328902EC76F94F209DA0FEB5996BF1BBE184D2B67C470955FB83CB947FECB5E2BFB7C023E3A5C3EE1F3D95BE7038E148C8FA5785ED907CDD7D39FF00EB5007DD43E2AFC2DD407CDE23B3E3A0679931F9F1532FC41F86729555F146924F61F69618FCC57C2B089301B3B4FF00B22A4134D9FBEE189C753401F741F18FC3FC623F156938FF00AFD1FE34C1E22F065D0D91F8AB48543DFF00B4107F5AF873ED13271B9BF5A699A4273B9863D09A00FBBAC9FC3B1C78B3F13D89DC7F82FA36FEB562DBFB3D9B2BE208586704ADC27F8D7C1335D48C39666FA8CFF8522DDB7DD5DBB7FDD033F862803EFF006F0FDBCABFB8D723937739370869CB6B79A481E4EB4B1AA82001E5E3F3C57C031DCC8C718503D76E07E94AD2C8AA47DEFF007871F873401F7EC5A7EABA94FE77F6A6FDA3D0367F2A8E7D2F5CFB42C91DF3064F48ABE0C5D6AEA0842C7232A8FEE92BFD694F8AB512B8FB5DC851D9656A00FBD2EEDF5E755DD76ACCBF302C31550AF88AD9A497CCB4627A108FFAF35F0FC1E3ED72051E5EA97CAABD85C3AE3F5AB6BF157C45127CBAC6A6BF4B993FF8AA00FB4E19BC4128666364DB860FCAFF00E34F8B50D7ED97E416871E99AF8C61F8D1E2A8F1B75ED597FEDE9FFC6A65F8F7E2EB593FE460D60FB9BA6A00FB23FE121F12FA59FE6DFF00C5515F1DFF00C341F8C3FE860D53FF00025A8A00D2F127C72D26069040D35C3E3006DC29FCEB834F8BB7B67A9BDCDBAA8EBB55BB5726F6E5BB8A8FC9DC0E0F3401D9DCFC79F114DF76E2345F4080E3F3AC393C677CFAB7DB9A6637279DD8C5642C45464F6E69E1B781C50076FA3FED03E20D2F2AB71BA36FBC36F5AECBC23FB4E6DB911EA16EACA7F8D3839F7AF170150606E348060F7CB71C0E6803EB6F0DFC50D3FC510AFD8EE15FFBC99E56BA1B7D5F628F9873EF5F1AE91ABDD68DA8ADC5B4AD1CCA32BB5B19C7A8AFA47C2DE2496FB44B696663E64D1A96C8F4A00F458B54089CB7DEA78D4189F948C572716BEB711EDE3E5156ED3531E58F9B6FB1A00E9BED65CFF0E31CD125DF0006AC787502DFC5F2E2AD2DCAB47F7A802D7DAD90E0F7E29B2DC05526AACEE40150CB332A1EE08EB9A0092F252D6ADB78E0F06BACF809B5B5C8D8F45DF9FC4715C25FDC62D33BB8C735DAFC07902DDB6173C1CD007B5C8C597E56AA8F0F94FBBBE734D82ECF95C7A5452CB904EEE940086EF74ADF2D244E3CCCB74AA692B091BA7AF5A57BAF253CCE18FF005A00E7FE2A7C405F879E18D475660ADF61B59254527AB00768FC4E057E6FEBFA9C9A9EA524CF866724B13DC924FF005AFAB3F6F2F181B1F0F586971CCCAD744CAEA382C8A30323D0F5AF91667DF2350046EC37535E5556E314F5518F5AAB71100FF2D00398EE24D4C970B1B2FA7F5AA61483D69D312ABFAD006DC578CA0053F2F5A5794CA7359115E631F4AB56B7BBD6802C33B06A7ADD96F9698A370A45015E8026136DFBC2A58EF15BF86AACCDBA33B6A3865DA7E9401AD04DF37DDAD0B24F33E6561C738AC582E8B56858BB29CD007416731180ABD39AB42F981FEEF6E2B3AD5989C8F4A9D37161C500759E1ADC429DDEF5AD1EA134576AACC0AE4564F860AC3B4B0FC09AD6D4A35322B2945CD007EB07EC6DF11E4F1CFECF1A1DC4B37993C3135AB9CF24AE0FF2AF4EB4D477F3BABE69FF00827434B65FB3C47E76144D76F220CF41B231FCF70FC2BDDB4DBCF93BF04E68037352D4F95F9BBD59B1D4BF75F7AB9AD4AF33B71EB562C751FDDFDEA009B5CD47CBBD4F9BA035E51FB42DDB4C6C1CB370B22E73D3EE5779E22BEFF4C5E78AF31F8ED77BEDEC9B395CC98F7FB9401F9E1FB77E9426F8C48CBCABD8C59FA867FF00EB5789FF0062E17EED7D11FB5FE98D79F10E19369DAF6CBB4FD1989FE75E529A2A918EFF004A00E4A0D21B19DA6A51A5396FBB5D41D2022E0EEF98FA5074700FCBDA80397934DE3EED4274CE3A5755369591EBEB517F652FF7680398FECB0474A8DB4BC7F0FE35D4C9A4AA0FBBC5324D249419E57D3D28039DFECD2D1E2A3934C1B7E95D24BA5944FBB502E9E0B7CCB93401889A7878F1ED4DFB0792DD2BA0FECE08385FA534E95E70E78A00C2FECEDC7730A8DAC7713C715BA74DF281EFC543FD9C50E68031D2C314D92C327EF56DB69EC07DD5CE2AAB5B64671D38A00CDFB10A2B43C914500708D26D4DDFD69AC54AEEDCBEFCD7AD49FB0B7C5651F3783EFB8E01F3A11FFB3D2FFC30A7C5845DCDE159230A323CCBE854FE8D401E484E07B1E87D69C8A767D7A646335D8FC27F807E22F8BBF10E5F0DE9B15BC3A85AACC6EDAE262A96BE538471B9725BE638E073DABDEBC35FF04C5BA42ADAC7891777F12595A823FEFB6209FCA803E520D8EE3D7AFD3FC454896B35D26E8E3764271B80E3F3AFA57E3E7EC85E1BF84BE0EB5BAB16D426BC92E96267B89B7861B18FDDC6072A3BD5BD03E1F59FFC296B7686DE35636E252760DCCC0E4FE9401E23F0F3E19C9AA5DC771727CB8A16C18D46E248E7935EB5656FF6681635C8551B471D2B4FE07E850EA5FDAD6AC8A2487C97CFFBC181FF00D007E75DB9F00C21D95938A00F3B12BC2831C1CD68594ACCABC966FE55D65EF806D94850A7776AAB27831ADC7EECE3DA80285A4B2B155DDDF9AD370AB12E09DDEDC0AAC34392171CBEEF4A95F4DB82B950D8A0090DCBBA7CC7E5A8FED1B4FCC38FAE6A74B0B8540BB46D6EA69F168D717326D48B6FBFAD0065EA2FFE8CC07F157A07C049365DBFCBB86DC9FE55C9EA1E16BAF20FCB9E3A0AEABE09A49A57DA0B46DB9508208E9F366803D595F24B2FE58AA9A9EA2B6C3FD62AB7B9E95853F88AF2F2E0A42A56AADCF87EEB529034CECDB8F23340178F8863B694957F3B770703A563F883C5773968E3508A066BA6D17C1CB6B18F973C64E466B3FE28D943E0CF0BEA7AA4CAABF6181E56C8FEE827F9F1401F0E7ED37E2C9BC4BF11AF16499E5FB2C8D6E0B1C940BD40F6C8AF2B9C1127CB5B1E29D4E4D4F5B9E7624B4D23339CE793CFF324566ECDCD40102991064D35AE727E61D6AD10BFE3515C2463B6280207DB9E2890071F8546D1FCDC1A70E168020662B52D9CCCB22FA64547321269892EC6A00E861954C54C6281AAA5BDD7EE4506E573401624750C3F2A7468A735577EF7C7B678E6A684283D79EBD680268CF975A9A749BB00D67C51F980F7FA73572D20298FE1E7BF1401B906A0B00C75F5AB904AD7057610A0FAD63DADB83F316E95A566CAD2AE707D39A00E8F4846575DEFB978E95D0CAD1398D631BBB60F7AE7F452B1903A13D89AB1A4EA1E778A161077296038FAD007E9E7EC710DC697F02B4B3730885AE232E800C606783F8F27F1AF52D3B50652D935CA7818AD978334F8572B1C3650AA003000DA0D68DAEA403B7CD401B9A86A606DF9A9D65A8EE5FBD5CEEA77EA76E3D6A6B2BFC45D6802E6B7A87FA52FF10E95E75F19AF15AD6C9BB6643FFA0FF81AEAB56BEFDF29DDCF515C27C54B9596DAD54FA903FAD007C9DFB51DA99FC5BA7B000EE82BCE1B48C2670338AF54FDA02D5A4F1259B48DF2F95803D39AE145BE179E9DB9A00C293472C8391F95573A3B96FBBC5748D6C142D452460961FD28039D1A6A838C531F49C356EBD92AA607534D92DD5506EED40184FA512BF2FE5EB504DA7188FF004AE97C8578F701C5509EDB331DC3E94018B3E9FB533D7DAAA8B545930C306BA19ADD5902D5492C17927AF6A00CB6B351CF61CD46D64B8CEDDBE95AC6DD4AFB77AAF2C615F0A76AD0065BD8EC46663DAA3645F247E957AE155890DF35573128423EED005228B8E7EF7415035AAA9C568B5AA98F7E7A74AA5747079E68022FB247FDDA29996F5A2803F54353D4EDEF9D7CB9239235E4ED727FAD65F89F51B5D3AC24B866DB1C085D9BD0019EB9AF95E4F10DDA361667419E8AC47F5AE6FE2D78CF5283C17A82ADD4A0340EA7E63D0A9F7A009BFE09B5A60D43C71E36F1148A0C970822DC7390CF3195BF30B5F5A7DAA360DF773D7AD7C23FB2A78AB50F0E69D79F62B892DFED574AD26DEE550E2BD7AE3E367896DBEEEA5237B30073401A5FB67363C1169B71CDF0073CE7F7721ACFF855A0A5DFC35D3E3917E56B40A73EA41AF3DF8E1F14B57F13E911C3792C7224736F5F93183B71FD4D6C7C1EF88BA843E1EB587FD1DA31128F9909EC7DE8024FD9EF4B09F12354B49060C967BFFE049228FE4F5ED43C2F0B4DF77771D857CFFF000A75FB8D2FE335BCB0EC0D7492C4E08C8DAC5738FC857D21039C06E3EEEEC6075A00C9BEF05C32CAAC36A6DEC7BD57B9F04A226ED9F4E3AD75168DF6989B77F083C7AD3A618857D33D3031401C85AF815679F27E51F4AB93FC3E55C6D0307BE2BA7B38958FDD5FC0568C16EAE0668038CB7F8668E9BB86ABDA7FC398D1B76CEDDABB2B681517EED6C6970AB0FBABF9500702DF0F1080DB46073581E02D1BFE2B4BFB4C1E1CAE3E879AF57D4D4799B7B579EF81A431FC5ABE55E8D72E0FE6D401D558781624998ED19A924F0B2C4FF778AE9F1806AA4A99EEDD6802AD86989185623EEFB5782FFC1437C76BE10F85D269AADB66D6263037AEC45CB1FCC81EF9AFA2A2F94D7C2DFF000536D6AE2EFE27E9B66EF9B7B7D352545FF6989C9FD05007CB5337EF1F69CEE3518EB431E4D34AF1D4D0039C1CFDEA8E4883FF001546E33DCD40DC37534012B40ABFC429A59507A8A873B9FAD1B28009E40471D2AB13F354F38C25571D6802E40F95C756FE753D9159CF073BBA639CE3AE2AA28FDD9E33C743DEBE82FD8ABE06F87FE27CBA86A5AD5BCB78DA71511C05F10B9EC58632C47D680382F86FFB3F78ABE2BDBCB3689A635DDA4270D72EEB0C59F40EC4293EC0935E8BA1FEC15E28BA855AF352D174F918E36348F215FA95047EB5F5D45A7C1A069EB67670C76D69047FBA8A31B52318E800F5AAB0AFDA1BE6FD2803E72B4FF82776ACF6ECCFE26D0598F2B8B795B3F991FCAAA5EFEC19E24B26DB0EA9A1DC0F4FDE464FFE3A457D49649F36DED9AD2B38C1936F63C5007C890FEC4FE36810AC36FA4CDF4BF55FE6052A7EC9BE3AB09029D1D6639FF9637B0B67E996AFB27FB3E2D99DBC8E6A48A3C6D553B73E98A00F8F62FD9BFC656728F3BC33AE05E84C7079A00FF8066A9683F05FC55A778EADCFFC233E2216E264DD2369B3050370C924AE00F7AFB6557CB65F98B73FC55D4E8B689988E3EF103E9401DC787A531F86ED036F56FB344A54F183B40A9AD5CF99527861303CBDCCCAA84F3C93C5755A3DA472C7F3229E3AE28038BD4E6380573C1C54DA7CEC50577C9A1DACF1E1A3539EBC50DE19B28E36C42BD2803CDF587FDE27B66B8EF89ECA6CE160BF75FAFB115EF3178474DBB03CCB385B3ED5435CF857A1EAE1966B3CAC6A480188A00FCFCFDA0119F5CB4006E2B1E0D7151DA34912FCA2BF44758FD91BC09E2BBC864BCD264691885DEB7320233E9CD66EB7FB06FC3F895BCBB7D51063A0BC38FE5401F9FB716781D307DCD57963DA33F9D7DA1E29FD8BFC1DA796F25B588C282768BA041FCD4D79AF8BFF00674D03488A530C9A80DA0919913FF89A00F9CDCFE3F8D3153CF6DBD16BD575BF869A6D90554F3FE6E092C33FCAB9BD4BC2F6BA78F97CC6F9B1F311FE1401C6F95E42ED5E706AACEEC739DBE9D4574D7BA4410BAED56F98807E6354EE6C23C63E6201EEC68039B90673EC2AABB3373DB35D04DA642DBB86FC18D533A6C7BDBEFF001CFDEA00C59FE538E777618350995A61B76A8DBD4D695C5BAAE5B1C8E86A35B349376ECD0062DF2303C0ED54FCD2A3A16C7B56B6A09E567693E954D47CC4500546948833CF3DB154AE65248E3BD685DC2A53FDD391CD5173BA4A0083CE1E8BF951563C85F4A2803FFFD9, 11, 1, 1, 'eduardo', '1997-03-21');
/*!40000 ALTER TABLE `usuario` ENABLE KEYS */;

/*!40101 SET SQL_MODE=IFNULL(@OLD_SQL_MODE, '') */;
/*!40014 SET FOREIGN_KEY_CHECKS=IF(@OLD_FOREIGN_KEY_CHECKS IS NULL, 1, @OLD_FOREIGN_KEY_CHECKS) */;
/*!40101 SET CHARACTER_SET_CLIENT=@OLD_CHARACTER_SET_CLIENT */;
